,date_time,temp
0,2021-07-01 00:00,22.6
1,2021-07-01 03:00,23.8
2,2021-07-01 06:00,30.6
3,2021-07-01 09:00,30.0
4,2021-07-01 12:00,24.6
5,2021-07-01 15:00,23.5
6,2021-07-01 18:00,22.7
7,2021-07-01 21:00,22.1
8,2021-07-02 00:00,22.7
9,2021-07-02 03:00,25.9
10,2021-07-02 06:00,29.1
11,2021-07-02 09:00,30.3
12,2021-07-02 12:00,25.1
13,2021-07-02 15:00,23.3
14,2021-07-02 18:00,22.5
15,2021-07-02 21:00,22.4
16,2021-07-03 00:00,22.9
17,2021-07-03 03:00,26.6
18,2021-07-03 06:00,30.0
19,2021-07-03 09:00,31.1
20,2021-07-03 12:00,26.3
21,2021-07-03 15:00,24.2
22,2021-07-03 18:00,23.2
23,2021-07-03 21:00,22.2
24,2021-07-04 00:00,23.3
25,2021-07-04 03:00,29.5
26,2021-07-04 06:00,32.7
27,2021-07-04 09:00,31.6
28,2021-07-04 12:00,26.6
29,2021-07-04 15:00,24.4
30,2021-07-04 18:00,23.2
31,2021-07-04 21:00,22.5
32,2021-07-05 00:00,23.4
33,2021-07-05 03:00,29.9
34,2021-07-05 06:00,33.5
35,2021-07-05 09:00,32.3
36,2021-07-05 12:00,27.2
37,2021-07-05 15:00,25.5
38,2021-07-05 18:00,24.4
39,2021-07-05 21:00,23.7
40,2021-07-06 00:00,24.1
41,2021-07-06 03:00,27.2
42,2021-07-06 06:00,29.9
43,2021-07-06 09:00,28.8
44,2021-07-06 12:00,24.5
45,2021-07-06 15:00,23.4
46,2021-07-06 18:00,22.8
47,2021-07-06 21:00,22.2
48,2021-07-07 00:00,22.8
49,2021-07-07 03:00,27.2
50,2021-07-07 06:00,31.4
51,2021-07-07 09:00,29.9
52,2021-07-07 12:00,25.3
53,2021-07-07 15:00,23.2
54,2021-07-07 18:00,23.2
55,2021-07-07 21:00,22.6
56,2021-07-08 00:00,22.6
57,2021-07-08 03:00,25.4
58,2021-07-08 06:00,23.4
59,2021-07-08 09:00,23.0
60,2021-07-08 12:00,23.1
61,2021-07-08 15:00,22.4
62,2021-07-08 18:00,22.4
63,2021-07-08 21:00,22.2
64,2021-07-09 00:00,22.3
65,2021-07-09 03:00,24.9
66,2021-07-09 06:00,27.4
67,2021-07-09 09:00,28.0
68,2021-07-09 12:00,24.0
69,2021-07-09 15:00,22.4
70,2021-07-09 18:00,21.7
71,2021-07-09 21:00,21.1
72,2021-07-10 00:00,22.3
73,2021-07-10 03:00,27.0
74,2021-07-10 06:00,27.0
75,2021-07-10 09:00,28.3
76,2021-07-10 12:00,24.1
77,2021-07-10 15:00,22.4
78,2021-07-10 18:00,21.7
79,2021-07-10 21:00,21.4
80,2021-07-11 00:00,22.4
81,2021-07-11 03:00,26.3
82,2021-07-11 06:00,27.5
83,2021-07-11 09:00,27.9
84,2021-07-11 12:00,24.2
85,2021-07-11 15:00,22.6
86,2021-07-11 18:00,22.2
87,2021-07-11 21:00,21.8
88,2021-07-12 00:00,22.7
89,2021-07-12 03:00,25.7
90,2021-07-12 06:00,29.5
91,2021-07-12 09:00,28.0
92,2021-07-12 12:00,24.4
93,2021-07-12 15:00,22.6
94,2021-07-12 18:00,22.1
95,2021-07-12 21:00,21.6
96,2021-07-13 00:00,22.5
97,2021-07-13 03:00,27.9
98,2021-07-13 06:00,31.3
99,2021-07-13 09:00,31.6
100,2021-07-13 12:00,25.7
101,2021-07-13 15:00,23.6
102,2021-07-13 18:00,22.8
103,2021-07-13 21:00,21.8
104,2021-07-14 00:00,22.6
105,2021-07-14 03:00,28.6
106,2021-07-14 06:00,31.9
107,2021-07-14 09:00,31.9
108,2021-07-14 12:00,26.8
109,2021-07-14 15:00,24.4
110,2021-07-14 18:00,22.5
111,2021-07-14 21:00,21.8
112,2021-07-15 00:00,22.3
113,2021-07-15 03:00,27.6
114,2021-07-15 06:00,30.9
115,2021-07-15 09:00,29.5
116,2021-07-15 12:00,24.8
117,2021-07-15 15:00,22.9
118,2021-07-15 18:00,22.2
119,2021-07-15 21:00,21.7
120,2021-07-16 00:00,22.3
121,2021-07-16 03:00,27.2
122,2021-07-16 06:00,28.9
123,2021-07-16 09:00,29.1
124,2021-07-16 12:00,24.4
125,2021-07-16 15:00,23.1
126,2021-07-16 18:00,22.6
127,2021-07-16 21:00,21.7
128,2021-07-17 00:00,22.3
129,2021-07-17 03:00,27.4
130,2021-07-17 06:00,30.8
131,2021-07-17 09:00,30.7
132,2021-07-17 12:00,24.8
133,2021-07-17 15:00,23.0
134,2021-07-17 18:00,22.2
135,2021-07-17 21:00,21.9
136,2021-07-18 00:00,22.7
137,2021-07-18 03:00,26.8
138,2021-07-18 06:00,31.3
139,2021-07-18 09:00,29.6
140,2021-07-18 12:00,24.6
141,2021-07-18 15:00,23.1
142,2021-07-18 18:00,22.6
143,2021-07-18 21:00,22.1
144,2021-07-19 00:00,22.9
145,2021-07-19 03:00,27.3
146,2021-07-19 06:00,28.4
147,2021-07-19 09:00,28.0
148,2021-07-19 12:00,24.2
149,2021-07-19 15:00,23.3
150,2021-07-19 18:00,22.7
151,2021-07-19 21:00,22.5
152,2021-07-20 00:00,22.7
153,2021-07-20 03:00,23.9
154,2021-07-20 06:00,25.1
155,2021-07-20 09:00,24.3
156,2021-07-20 12:00,23.2
157,2021-07-20 15:00,22.7
158,2021-07-20 18:00,22.3
159,2021-07-20 21:00,22.2
160,2021-07-21 00:00,22.3
161,2021-07-21 03:00,23.2
162,2021-07-21 06:00,23.6
163,2021-07-21 09:00,24.3
164,2021-07-21 12:00,23.0
165,2021-07-21 15:00,22.5
166,2021-07-21 18:00,22.2
167,2021-07-21 21:00,21.8
168,2021-07-22 00:00,22.0
169,2021-07-22 03:00,24.2
170,2021-07-22 06:00,26.0
171,2021-07-22 09:00,26.2
172,2021-07-22 12:00,23.6
173,2021-07-22 15:00,23.0
174,2021-07-22 18:00,22.7
175,2021-07-22 21:00,22.5
176,2021-07-23 00:00,22.9
177,2021-07-23 03:00,27.8
178,2021-07-23 06:00,28.5
179,2021-07-23 09:00,28.3
180,2021-07-23 12:00,24.3
181,2021-07-23 15:00,23.6
182,2021-07-23 18:00,23.1
183,2021-07-23 21:00,22.7
184,2021-07-24 00:00,23.0
185,2021-07-24 03:00,25.6
186,2021-07-24 06:00,27.6
187,2021-07-24 09:00,28.3
188,2021-07-24 12:00,24.2
189,2021-07-24 15:00,23.5
190,2021-07-24 18:00,22.9
191,2021-07-24 21:00,22.6
192,2021-07-25 00:00,22.6
193,2021-07-25 03:00,24.0
194,2021-07-25 06:00,24.9
195,2021-07-25 09:00,26.7
196,2021-07-25 12:00,23.5
197,2021-07-25 15:00,22.8
198,2021-07-25 18:00,22.4
199,2021-07-25 21:00,22.3
200,2021-07-26 00:00,22.1
201,2021-07-26 03:00,23.3
202,2021-07-26 06:00,22.7
203,2021-07-26 09:00,23.3
204,2021-07-26 12:00,22.7
205,2021-07-26 15:00,22.2
206,2021-07-26 18:00,21.6
207,2021-07-26 21:00,21.4
208,2021-07-27 00:00,21.9
209,2021-07-27 03:00,23.6
210,2021-07-27 06:00,27.7
211,2021-07-27 09:00,28.3
212,2021-07-27 12:00,24.1
213,2021-07-27 15:00,22.6
214,2021-07-27 18:00,22.6
215,2021-07-27 21:00,22.4
216,2021-07-28 00:00,22.6
217,2021-07-28 03:00,27.0
218,2021-07-28 06:00,27.0
219,2021-07-28 09:00,27.5
220,2021-07-28 12:00,24.3
221,2021-07-28 15:00,23.3
222,2021-07-28 18:00,22.8
223,2021-07-28 21:00,22.1
224,2021-07-29 00:00,22.5
225,2021-07-29 03:00,25.3
226,2021-07-29 06:00,27.7
227,2021-07-29 09:00,25.8
228,2021-07-29 12:00,24.0
229,2021-07-29 15:00,23.5
230,2021-07-29 18:00,22.9
231,2021-07-29 21:00,22.4
232,2021-07-30 00:00,23.0
233,2021-07-30 03:00,26.4
234,2021-07-30 06:00,29.7
235,2021-07-30 09:00,30.9
236,2021-07-30 12:00,24.8
237,2021-07-30 15:00,24.8
238,2021-07-30 18:00,22.6
239,2021-07-30 21:00,22.4
240,2021-07-31 00:00,22.9
241,2021-07-31 03:00,27.5
242,2021-07-31 06:00,30.5
243,2021-07-31 09:00,29.4
244,2021-07-31 12:00,25.2
245,2021-07-31 15:00,23.7
246,2021-07-31 18:00,22.7
247,2021-07-31 21:00,22.4
248,2021-08-01 00:00,23.1
249,2021-08-01 03:00,26.9
250,2021-08-01 06:00,28.1
251,2021-08-01 09:00,28.6
252,2021-08-01 12:00,24.6
253,2021-08-01 15:00,23.2
254,2021-08-01 18:00,22.2
255,2021-08-01 21:00,22.1
256,2021-08-02 00:00,22.4
257,2021-08-02 03:00,26.9
258,2021-08-02 06:00,28.5
259,2021-08-02 09:00,28.0
260,2021-08-02 12:00,24.1
261,2021-08-02 15:00,23.2
262,2021-08-02 18:00,22.4
263,2021-08-02 21:00,22.1
264,2021-08-03 00:00,22.4
265,2021-08-03 03:00,26.3
266,2021-08-03 06:00,27.9
267,2021-08-03 09:00,26.6
268,2021-08-03 12:00,23.4
269,2021-08-03 15:00,22.7
270,2021-08-03 18:00,22.3
271,2021-08-03 21:00,22.0
272,2021-08-04 00:00,22.4
273,2021-08-04 03:00,24.6
274,2021-08-04 06:00,28.1
275,2021-08-04 09:00,27.7
276,2021-08-04 12:00,23.5
277,2021-08-04 15:00,22.9
278,2021-08-04 18:00,22.4
279,2021-08-04 21:00,22.1
280,2021-08-05 00:00,22.6
281,2021-08-05 03:00,24.4
282,2021-08-05 06:00,27.5
283,2021-08-05 09:00,27.9
284,2021-08-05 12:00,23.9
285,2021-08-05 15:00,23.3
286,2021-08-05 18:00,22.6
287,2021-08-05 21:00,22.2
288,2021-08-06 00:00,22.6
289,2021-08-06 03:00,26.7
290,2021-08-06 06:00,28.3
291,2021-08-06 09:00,28.2
292,2021-08-06 12:00,24.2
293,2021-08-06 15:00,22.7
294,2021-08-06 18:00,21.6
295,2021-08-06 21:00,21.2
296,2021-08-07 00:00,22.1
297,2021-08-07 03:00,27.7
298,2021-08-07 06:00,30.5
299,2021-08-07 09:00,30.9
300,2021-08-07 12:00,25.0
301,2021-08-07 15:00,23.3
302,2021-08-07 18:00,22.2
303,2021-08-07 21:00,21.6
304,2021-08-08 00:00,22.2
305,2021-08-08 03:00,28.1
306,2021-08-08 06:00,31.0
307,2021-08-08 09:00,31.5
308,2021-08-08 12:00,26.3
309,2021-08-08 15:00,24.3
310,2021-08-08 18:00,23.2
311,2021-08-08 21:00,22.5
312,2021-08-09 00:00,23.1
313,2021-08-09 03:00,28.6
314,2021-08-09 06:00,32.4
315,2021-08-09 09:00,32.4
316,2021-08-09 12:00,26.8
317,2021-08-09 15:00,24.5
318,2021-08-09 18:00,23.6
319,2021-08-09 21:00,22.9
320,2021-08-10 00:00,23.4
321,2021-08-10 03:00,27.5
322,2021-08-10 06:00,31.0
323,2021-08-10 09:00,31.3
324,2021-08-10 12:00,25.8
325,2021-08-10 15:00,24.5
326,2021-08-10 18:00,23.7
327,2021-08-10 21:00,23.0
328,2021-08-11 00:00,23.5
329,2021-08-11 03:00,27.6
330,2021-08-11 06:00,29.7
331,2021-08-11 09:00,27.2
332,2021-08-11 12:00,24.3
333,2021-08-11 15:00,23.6
334,2021-08-11 18:00,23.0
335,2021-08-11 21:00,22.5
336,2021-08-12 00:00,23.0
337,2021-08-12 03:00,28.0
338,2021-08-12 06:00,31.3
339,2021-08-12 09:00,31.4
340,2021-08-12 12:00,25.5
341,2021-08-12 15:00,23.6
342,2021-08-12 18:00,22.8
343,2021-08-12 21:00,22.2
344,2021-08-13 00:00,22.8
345,2021-08-13 03:00,28.0
346,2021-08-13 06:00,31.1
347,2021-08-13 09:00,31.6
348,2021-08-13 12:00,25.2
349,2021-08-13 15:00,23.8
350,2021-08-13 18:00,23.3
351,2021-08-13 21:00,23.0
352,2021-08-14 00:00,23.1
353,2021-08-14 03:00,27.1
354,2021-08-14 06:00,27.6
355,2021-08-14 09:00,27.0
356,2021-08-14 12:00,24.3
357,2021-08-14 15:00,23.5
358,2021-08-14 18:00,22.8
359,2021-08-14 21:00,22.4
360,2021-08-15 00:00,22.1
361,2021-08-15 03:00,23.8
362,2021-08-15 06:00,25.2
363,2021-08-15 09:00,25.3
364,2021-08-15 12:00,23.1
365,2021-08-15 15:00,22.7
366,2021-08-15 18:00,22.4
367,2021-08-15 21:00,22.3
368,2021-08-16 00:00,22.2
369,2021-08-16 03:00,23.5
370,2021-08-16 06:00,23.2
371,2021-08-16 09:00,22.7
372,2021-08-16 12:00,22.3
373,2021-08-16 15:00,22.3
374,2021-08-16 18:00,21.9
375,2021-08-16 21:00,21.7
376,2021-08-17 00:00,21.9
377,2021-08-17 03:00,23.9
378,2021-08-17 06:00,27.1
379,2021-08-17 09:00,25.5
380,2021-08-17 12:00,23.1
381,2021-08-17 15:00,22.6
382,2021-08-17 18:00,21.8
383,2021-08-17 21:00,21.5
384,2021-08-18 00:00,21.7
385,2021-08-18 03:00,26.7
386,2021-08-18 06:00,29.5
387,2021-08-18 09:00,28.2
388,2021-08-18 12:00,23.9
389,2021-08-18 15:00,23.0
390,2021-08-18 18:00,21.9
391,2021-08-18 21:00,21.9
392,2021-08-19 00:00,22.2
393,2021-08-19 03:00,24.7
394,2021-08-19 06:00,27.1
395,2021-08-19 09:00,26.1
396,2021-08-19 12:00,23.5
397,2021-08-19 15:00,23.0
398,2021-08-19 18:00,22.1
399,2021-08-19 21:00,21.7
400,2021-08-20 00:00,21.7
401,2021-08-20 03:00,22.5
402,2021-08-20 06:00,22.2
403,2021-08-20 09:00,23.0
404,2021-08-20 12:00,22.4
405,2021-08-20 15:00,21.5
406,2021-08-20 18:00,20.7
407,2021-08-20 21:00,20.2
408,2021-08-21 00:00,20.9
409,2021-08-21 03:00,27.5
410,2021-08-21 06:00,30.7
411,2021-08-21 09:00,30.9
412,2021-08-21 12:00,24.5
413,2021-08-21 15:00,22.6
414,2021-08-21 18:00,21.8
415,2021-08-21 21:00,21.1
416,2021-08-22 00:00,21.8
417,2021-08-22 03:00,28.1
418,2021-08-22 06:00,31.3
419,2021-08-22 09:00,31.6
420,2021-08-22 12:00,25.3
421,2021-08-22 15:00,23.2
422,2021-08-22 18:00,22.2
423,2021-08-22 21:00,21.7
424,2021-08-23 00:00,22.3
425,2021-08-23 03:00,28.4
426,2021-08-23 06:00,31.1
427,2021-08-23 09:00,30.8
428,2021-08-23 12:00,25.2
429,2021-08-23 15:00,23.3
430,2021-08-23 18:00,22.5
431,2021-08-23 21:00,21.9
432,2021-08-24 00:00,22.5
433,2021-08-24 03:00,28.1
434,2021-08-24 06:00,30.9
435,2021-08-24 09:00,30.8
436,2021-08-24 12:00,24.4
437,2021-08-24 15:00,23.2
438,2021-08-24 18:00,22.4
439,2021-08-24 21:00,22.1
440,2021-08-25 00:00,22.3
441,2021-08-25 03:00,26.9
442,2021-08-25 06:00,30.4
443,2021-08-25 09:00,28.9
444,2021-08-25 12:00,24.2
445,2021-08-25 15:00,22.5
446,2021-08-25 18:00,21.8
447,2021-08-25 21:00,21.4
448,2021-08-26 00:00,22.2
449,2021-08-26 03:00,27.3
450,2021-08-26 06:00,28.6
451,2021-08-26 09:00,28.0
452,2021-08-26 12:00,23.9
453,2021-08-26 15:00,22.3
454,2021-08-26 18:00,21.5
455,2021-08-26 21:00,21.2
456,2021-08-27 00:00,21.7
457,2021-08-27 03:00,27.9
458,2021-08-27 06:00,28.5
459,2021-08-27 09:00,27.7
460,2021-08-27 12:00,23.3
461,2021-08-27 15:00,22.1
462,2021-08-27 18:00,21.3
463,2021-08-27 21:00,20.9
464,2021-08-28 00:00,21.5
465,2021-08-28 03:00,26.7
466,2021-08-28 06:00,28.4
467,2021-08-28 09:00,27.6
468,2021-08-28 12:00,23.1
469,2021-08-28 15:00,21.9
470,2021-08-28 18:00,21.4
471,2021-08-28 21:00,20.8
472,2021-08-29 00:00,21.4
473,2021-08-29 03:00,25.8
474,2021-08-29 06:00,27.2
475,2021-08-29 09:00,26.6
476,2021-08-29 12:00,23.0
477,2021-08-29 15:00,21.9
478,2021-08-29 18:00,21.2
479,2021-08-29 21:00,20.5
480,2021-08-30 00:00,21.3
481,2021-08-30 03:00,27.0
482,2021-08-30 06:00,30.1
483,2021-08-30 09:00,28.9
484,2021-08-30 12:00,23.7
485,2021-08-30 15:00,22.3
486,2021-08-30 18:00,21.7
487,2021-08-30 21:00,21.2
488,2021-08-31 00:00,21.8
489,2021-08-31 03:00,27.2
490,2021-08-31 06:00,30.3
491,2021-08-31 09:00,29.1
492,2021-08-31 12:00,24.7
493,2021-08-31 15:00,23.3
494,2021-08-31 18:00,22.3
495,2021-08-31 21:00,21.6
496,2021-09-01 00:00,22.0
497,2021-09-01 03:00,25.4
498,2021-09-01 06:00,29.7
499,2021-09-01 09:00,29.5
500,2021-09-01 12:00,24.6
501,2021-09-01 15:00,22.9
502,2021-09-01 18:00,22.2
503,2021-09-01 21:00,21.3
504,2021-09-02 00:00,22.1
505,2021-09-02 03:00,28.4
506,2021-09-02 06:00,30.9
507,2021-09-02 09:00,30.5
508,2021-09-02 12:00,24.5
509,2021-09-02 15:00,23.0
510,2021-09-02 18:00,22.1
511,2021-09-02 21:00,21.4
512,2021-09-03 00:00,22.1
513,2021-09-03 03:00,26.8
514,2021-09-03 06:00,30.3
515,2021-09-03 09:00,29.9
516,2021-09-03 12:00,23.8
517,2021-09-03 15:00,22.9
518,2021-09-03 18:00,22.6
519,2021-09-03 21:00,22.3
520,2021-09-04 00:00,22.5
521,2021-09-04 03:00,26.1
522,2021-09-04 06:00,28.4
523,2021-09-04 09:00,28.6
524,2021-09-04 12:00,23.6
525,2021-09-04 15:00,22.2
526,2021-09-04 18:00,21.7
527,2021-09-04 21:00,21.3
528,2021-09-05 00:00,22.0
529,2021-09-05 03:00,25.0
530,2021-09-05 06:00,26.5
531,2021-09-05 09:00,26.3
532,2021-09-05 12:00,22.9
533,2021-09-05 15:00,22.1
534,2021-09-05 18:00,21.5
535,2021-09-05 21:00,21.4
536,2021-09-06 00:00,21.5
537,2021-09-06 03:00,23.9
538,2021-09-06 06:00,30.0
539,2021-09-06 09:00,27.8
540,2021-09-06 12:00,23.5
541,2021-09-06 15:00,22.6
542,2021-09-06 18:00,21.6
543,2021-09-06 21:00,21.1
544,2021-09-07 00:00,21.7
545,2021-09-07 03:00,27.4
546,2021-09-07 06:00,31.1
547,2021-09-07 09:00,30.1
548,2021-09-07 12:00,24.2
549,2021-09-07 15:00,22.7
550,2021-09-07 18:00,21.5
551,2021-09-07 21:00,21.0
552,2021-09-08 00:00,21.6
553,2021-09-08 03:00,27.6
554,2021-09-08 06:00,30.2
555,2021-09-08 09:00,29.9
556,2021-09-08 12:00,24.5
557,2021-09-08 15:00,22.8
558,2021-09-08 18:00,21.9
559,2021-09-08 21:00,21.6
560,2021-09-09 00:00,21.7
561,2021-09-09 03:00,23.4
562,2021-09-09 06:00,24.3
563,2021-09-09 09:00,24.9
564,2021-09-09 12:00,22.5
565,2021-09-09 15:00,21.8
566,2021-09-09 18:00,21.7
567,2021-09-09 21:00,21.5
568,2021-09-10 00:00,21.6
569,2021-09-10 03:00,25.1
570,2021-09-10 06:00,26.8
571,2021-09-10 09:00,26.5
572,2021-09-10 12:00,22.8
573,2021-09-10 15:00,22.0
574,2021-09-10 18:00,21.5
575,2021-09-10 21:00,21.4
576,2021-09-11 00:00,21.7
577,2021-09-11 03:00,26.1
578,2021-09-11 06:00,28.3
579,2021-09-11 09:00,27.2
580,2021-09-11 12:00,23.0
581,2021-09-11 15:00,21.9
582,2021-09-11 18:00,21.2
583,2021-09-11 21:00,20.5
584,2021-09-12 00:00,20.5
585,2021-09-12 03:00,26.3
586,2021-09-12 06:00,29.8
587,2021-09-12 09:00,28.8
588,2021-09-12 12:00,23.6
589,2021-09-12 15:00,22.4
590,2021-09-12 18:00,21.5
591,2021-09-12 21:00,21.1
592,2021-09-13 00:00,21.7
593,2021-09-13 03:00,27.2
594,2021-09-13 06:00,30.6
595,2021-09-13 09:00,30.4
596,2021-09-13 12:00,25.1
597,2021-09-13 15:00,22.9
598,2021-09-13 18:00,22.4
599,2021-09-13 21:00,22.1
600,2021-09-14 00:00,21.9
601,2021-09-14 03:00,22.5
602,2021-09-14 06:00,24.5
603,2021-09-14 09:00,25.2
604,2021-09-14 12:00,22.8
605,2021-09-14 15:00,22.0
606,2021-09-14 18:00,22.1
607,2021-09-14 21:00,22.0
608,2021-09-15 00:00,22.3
609,2021-09-15 03:00,25.1
610,2021-09-15 06:00,27.2
611,2021-09-15 09:00,26.4
612,2021-09-15 12:00,23.2
613,2021-09-15 15:00,22.7
614,2021-09-15 18:00,22.4
615,2021-09-15 21:00,22.1
616,2021-09-16 00:00,22.4
617,2021-09-16 03:00,24.9
618,2021-09-16 06:00,27.7
619,2021-09-16 09:00,26.4
620,2021-09-16 12:00,23.0
621,2021-09-16 15:00,22.2
622,2021-09-16 18:00,21.6
623,2021-09-16 21:00,21.2
624,2021-09-17 00:00,21.6
625,2021-09-17 03:00,25.4
626,2021-09-17 06:00,25.6
627,2021-09-17 09:00,24.9
628,2021-09-17 12:00,23.1
629,2021-09-17 15:00,22.9
630,2021-09-17 18:00,22.3
631,2021-09-17 21:00,21.5
632,2021-09-18 00:00,22.1
633,2021-09-18 03:00,24.9
634,2021-09-18 06:00,29.4
635,2021-09-18 09:00,29.1
636,2021-09-18 12:00,24.0
637,2021-09-18 15:00,23.1
638,2021-09-18 18:00,22.3
639,2021-09-18 21:00,21.7
640,2021-09-19 00:00,21.8
641,2021-09-19 03:00,27.2
642,2021-09-19 06:00,30.9
643,2021-09-19 09:00,30.0
644,2021-09-19 12:00,24.9
645,2021-09-19 15:00,23.2
646,2021-09-19 18:00,22.3
647,2021-09-19 21:00,21.7
648,2021-09-20 00:00,22.2
649,2021-09-20 03:00,27.5
650,2021-09-20 06:00,30.6
651,2021-09-20 09:00,28.2
652,2021-09-20 12:00,23.7
653,2021-09-20 15:00,22.9
654,2021-09-20 18:00,22.5
655,2021-09-20 21:00,21.9
656,2021-09-21 00:00,21.8
657,2021-09-21 03:00,26.6
658,2021-09-21 06:00,28.2
659,2021-09-21 09:00,28.5
660,2021-09-21 12:00,23.4
661,2021-09-21 15:00,22.0
662,2021-09-21 18:00,21.0
663,2021-09-21 21:00,20.9
664,2021-09-22 00:00,21.5
665,2021-09-22 03:00,26.0
666,2021-09-22 06:00,27.8
667,2021-09-22 09:00,27.3
668,2021-09-22 12:00,22.7
669,2021-09-22 15:00,21.8
670,2021-09-22 18:00,21.2
671,2021-09-22 21:00,21.4
672,2021-09-23 00:00,21.6
673,2021-09-23 03:00,26.0
674,2021-09-23 06:00,27.1
675,2021-09-23 09:00,26.4
676,2021-09-23 12:00,22.8
677,2021-09-23 15:00,22.2
678,2021-09-23 18:00,21.8
679,2021-09-23 21:00,21.3
680,2021-09-24 00:00,21.7
681,2021-09-24 03:00,26.0
682,2021-09-24 06:00,28.4
683,2021-09-24 09:00,28.4
684,2021-09-24 12:00,23.6
685,2021-09-24 15:00,22.1
686,2021-09-24 18:00,21.3
687,2021-09-24 21:00,20.7
688,2021-09-25 00:00,21.2
689,2021-09-25 03:00,25.3
690,2021-09-25 06:00,27.4
691,2021-09-25 09:00,25.4
692,2021-09-25 12:00,22.9
693,2021-09-25 15:00,22.1
694,2021-09-25 18:00,21.9
695,2021-09-25 21:00,21.6
696,2021-09-26 00:00,21.8
697,2021-09-26 03:00,23.0
698,2021-09-26 06:00,23.9
699,2021-09-26 09:00,23.7
700,2021-09-26 12:00,22.3
701,2021-09-26 15:00,21.7
702,2021-09-26 18:00,21.4
703,2021-09-26 21:00,21.1
704,2021-09-27 00:00,21.2
705,2021-09-27 03:00,22.2
706,2021-09-27 06:00,23.6
707,2021-09-27 09:00,24.0
708,2021-09-27 12:00,22.1
709,2021-09-27 15:00,21.6
710,2021-09-27 18:00,20.9
711,2021-09-27 21:00,21.0
712,2021-09-28 00:00,21.3
713,2021-09-28 03:00,26.7
714,2021-09-28 06:00,29.6
715,2021-09-28 09:00,28.7
716,2021-09-28 12:00,23.6
717,2021-09-28 15:00,22.5
718,2021-09-28 18:00,22.0
719,2021-09-28 21:00,21.3
720,2021-09-29 00:00,21.7
721,2021-09-29 03:00,28.0
722,2021-09-29 06:00,31.5
723,2021-09-29 09:00,30.7
724,2021-09-29 12:00,25.1
725,2021-09-29 15:00,23.4
726,2021-09-29 18:00,22.4
727,2021-09-29 21:00,21.6
728,2021-09-30 00:00,22.2
729,2021-09-30 03:00,28.4
730,2021-09-30 06:00,28.4
731,2021-09-30 09:00,31.0
732,2021-09-30 12:00,24.9
733,2021-09-30 15:00,23.0
734,2021-09-30 18:00,22.1
735,2021-09-30 21:00,21.6
736,2021-10-01 00:00,22.0
737,2021-10-01 03:00,28.1
738,2021-10-01 06:00,31.2
739,2021-10-01 09:00,29.9
740,2021-10-01 12:00,24.2
741,2021-10-01 15:00,23.3
742,2021-10-01 18:00,22.2
743,2021-10-01 21:00,21.8
744,2021-10-02 00:00,21.8
745,2021-10-02 03:00,24.2
746,2021-10-02 06:00,26.8
747,2021-10-02 09:00,28.0
748,2021-10-02 12:00,23.9
749,2021-10-02 15:00,22.5
750,2021-10-02 18:00,21.5
751,2021-10-02 21:00,20.7
752,2021-10-03 00:00,21.2
753,2021-10-03 03:00,27.0
754,2021-10-03 06:00,27.0
755,2021-10-03 09:00,29.4
756,2021-10-03 12:00,23.8
757,2021-10-03 15:00,22.1
758,2021-10-03 18:00,21.2
759,2021-10-03 21:00,20.6
760,2021-10-04 00:00,21.3
761,2021-10-04 03:00,27.5
762,2021-10-04 06:00,30.6
763,2021-10-04 09:00,30.2
764,2021-10-04 12:00,24.1
765,2021-10-04 15:00,22.4
766,2021-10-04 18:00,21.2
767,2021-10-04 21:00,20.7
768,2021-10-05 00:00,21.4
769,2021-10-05 03:00,28.0
770,2021-10-05 06:00,31.0
771,2021-10-05 09:00,30.2
772,2021-10-05 12:00,24.3
773,2021-10-05 15:00,22.6
774,2021-10-05 18:00,21.7
775,2021-10-05 21:00,21.0
776,2021-10-06 00:00,21.6
777,2021-10-06 03:00,28.3
778,2021-10-06 06:00,31.9
779,2021-10-06 09:00,30.4
780,2021-10-06 12:00,23.5
781,2021-10-06 15:00,22.1
782,2021-10-06 18:00,21.2
783,2021-10-06 21:00,20.7
784,2021-10-07 00:00,21.2
785,2021-10-07 03:00,27.6
786,2021-10-07 06:00,30.7
787,2021-10-07 09:00,30.5
788,2021-10-07 12:00,24.3
789,2021-10-07 15:00,21.8
790,2021-10-07 18:00,21.2
791,2021-10-07 21:00,20.5
792,2021-10-08 00:00,21.1
793,2021-10-08 03:00,27.9
794,2021-10-08 06:00,31.5
795,2021-10-08 09:00,30.9
796,2021-10-08 12:00,25.3
797,2021-10-08 15:00,23.7
798,2021-10-08 18:00,22.0
799,2021-10-08 21:00,21.1
800,2021-10-09 00:00,21.7
801,2021-10-09 03:00,28.0
802,2021-10-09 06:00,31.2
803,2021-10-09 09:00,30.7
804,2021-10-09 12:00,24.8
805,2021-10-09 15:00,22.7
806,2021-10-09 18:00,22.1
807,2021-10-09 21:00,21.5
808,2021-10-10 00:00,22.2
809,2021-10-10 03:00,28.5
810,2021-10-10 06:00,31.4
811,2021-10-10 09:00,31.6
812,2021-10-10 12:00,24.6
813,2021-10-10 15:00,23.2
814,2021-10-10 18:00,22.5
815,2021-10-10 21:00,22.1
816,2021-10-11 00:00,22.1
817,2021-10-11 03:00,23.4
818,2021-10-11 06:00,28.4
819,2021-10-11 09:00,26.1
820,2021-10-11 12:00,23.1
821,2021-10-11 15:00,22.5
822,2021-10-11 18:00,22.2
823,2021-10-11 21:00,21.5
824,2021-10-12 00:00,21.6
825,2021-10-12 03:00,22.4
826,2021-10-12 06:00,23.4
827,2021-10-12 09:00,24.9
828,2021-10-12 12:00,22.5
829,2021-10-12 15:00,21.4
830,2021-10-12 18:00,20.9
831,2021-10-12 21:00,20.5
832,2021-10-13 00:00,21.2
833,2021-10-13 03:00,27.1
834,2021-10-13 06:00,30.8
835,2021-10-13 09:00,29.7
836,2021-10-13 12:00,24.0
837,2021-10-13 15:00,22.4
838,2021-10-13 18:00,21.4
839,2021-10-13 21:00,20.9
840,2021-10-14 00:00,21.4
841,2021-10-14 03:00,27.1
842,2021-10-14 06:00,30.7
843,2021-10-14 09:00,27.8
844,2021-10-14 12:00,23.4
845,2021-10-14 15:00,22.8
846,2021-10-14 18:00,22.2
847,2021-10-14 21:00,21.6
848,2021-10-15 00:00,21.2
849,2021-10-15 03:00,22.8
850,2021-10-15 06:00,25.1
851,2021-10-15 09:00,23.1
852,2021-10-15 12:00,21.9
853,2021-10-15 15:00,21.7
854,2021-10-15 18:00,21.3
855,2021-10-15 21:00,20.9
856,2021-10-16 00:00,21.1
857,2021-10-16 03:00,22.1
858,2021-10-16 06:00,24.3
859,2021-10-16 09:00,21.9
860,2021-10-16 12:00,21.4
861,2021-10-16 15:00,21.5
862,2021-10-16 18:00,21.2
863,2021-10-16 21:00,21.0
864,2021-10-17 00:00,20.9
865,2021-10-17 03:00,23.6
866,2021-10-17 06:00,26.0
867,2021-10-17 09:00,26.1
868,2021-10-17 12:00,22.1
869,2021-10-17 15:00,20.8
870,2021-10-17 18:00,19.6
871,2021-10-17 21:00,19.7
872,2021-10-18 00:00,19.6
873,2021-10-18 03:00,23.4
874,2021-10-18 06:00,26.3
875,2021-10-18 09:00,24.8
876,2021-10-18 12:00,22.0
877,2021-10-18 15:00,21.3
878,2021-10-18 18:00,20.6
879,2021-10-18 21:00,20.6
880,2021-10-19 00:00,20.7
881,2021-10-19 03:00,22.0
882,2021-10-19 06:00,26.8
883,2021-10-19 09:00,26.2
884,2021-10-19 12:00,22.0
885,2021-10-19 15:00,21.4
886,2021-10-19 18:00,20.9
887,2021-10-19 21:00,20.4
888,2021-10-20 00:00,20.8
889,2021-10-20 03:00,24.5
890,2021-10-20 06:00,29.1
891,2021-10-20 09:00,28.6
892,2021-10-20 12:00,23.4
893,2021-10-20 15:00,22.0
894,2021-10-20 18:00,21.2
895,2021-10-20 21:00,20.6
896,2021-10-21 00:00,21.0
897,2021-10-21 03:00,26.9
898,2021-10-21 06:00,29.4
899,2021-10-21 09:00,28.4
900,2021-10-21 12:00,23.3
901,2021-10-21 15:00,22.1
902,2021-10-21 18:00,21.7
903,2021-10-21 21:00,21.4
904,2021-10-22 00:00,21.6
905,2021-10-22 03:00,24.3
906,2021-10-22 06:00,25.8
907,2021-10-22 09:00,26.1
908,2021-10-22 12:00,22.7
909,2021-10-22 15:00,21.9
910,2021-10-22 18:00,21.2
911,2021-10-22 21:00,21.0
912,2021-10-23 00:00,21.2
913,2021-10-23 03:00,24.9
914,2021-10-23 06:00,26.2
915,2021-10-23 09:00,23.6
916,2021-10-23 12:00,21.8
917,2021-10-23 15:00,21.4
918,2021-10-23 18:00,20.6
919,2021-10-23 21:00,20.3
920,2021-10-24 00:00,20.6
921,2021-10-24 03:00,23.3
922,2021-10-24 06:00,26.4
923,2021-10-24 09:00,26.1
924,2021-10-24 12:00,21.7
925,2021-10-24 15:00,20.8
926,2021-10-24 18:00,20.0
927,2021-10-24 21:00,19.6
928,2021-10-25 00:00,19.9
929,2021-10-25 03:00,25.3
930,2021-10-25 06:00,28.2
931,2021-10-25 09:00,27.7
932,2021-10-25 12:00,21.8
933,2021-10-25 15:00,20.6
934,2021-10-25 18:00,20.0
935,2021-10-25 21:00,19.4
936,2021-10-26 00:00,19.8
937,2021-10-26 03:00,25.4
938,2021-10-26 06:00,28.4
939,2021-10-26 09:00,27.6
940,2021-10-26 12:00,22.6
941,2021-10-26 15:00,21.3
942,2021-10-26 18:00,20.4
943,2021-10-26 21:00,20.0
944,2021-10-27 00:00,20.2
945,2021-10-27 03:00,26.4
946,2021-10-27 06:00,29.6
947,2021-10-27 09:00,28.2
948,2021-10-27 12:00,22.4
949,2021-10-27 15:00,21.2
950,2021-10-27 18:00,20.7
951,2021-10-27 21:00,20.1
952,2021-10-28 00:00,20.6
953,2021-10-28 03:00,26.4
954,2021-10-28 06:00,29.1
955,2021-10-28 09:00,26.5
956,2021-10-28 12:00,22.4
957,2021-10-28 15:00,21.3
958,2021-10-28 18:00,21.3
959,2021-10-28 21:00,20.1
960,2021-10-29 00:00,20.9
961,2021-10-29 03:00,23.6
962,2021-10-29 06:00,27.9
963,2021-10-29 09:00,26.0
964,2021-10-29 12:00,21.9
965,2021-10-29 15:00,20.9
966,2021-10-29 18:00,20.4
967,2021-10-29 21:00,20.6
968,2021-10-30 00:00,20.8
969,2021-10-30 03:00,23.7
970,2021-10-30 06:00,23.6
971,2021-10-30 09:00,26.2
972,2021-10-30 12:00,22.3
973,2021-10-30 15:00,21.2
974,2021-10-30 18:00,20.3
975,2021-10-30 21:00,20.0
976,2021-10-31 00:00,20.6
977,2021-10-31 03:00,23.2
978,2021-10-31 06:00,27.2
979,2021-10-31 09:00,26.6
980,2021-10-31 12:00,21.9
981,2021-10-31 15:00,21.1
982,2021-10-31 18:00,20.3
983,2021-10-31 21:00,19.7
984,2021-11-01 00:00,20.2
985,2021-11-01 03:00,25.2
986,2021-11-01 06:00,28.4
987,2021-11-01 09:00,27.3
988,2021-11-01 12:00,22.7
989,2021-11-01 15:00,21.3
990,2021-11-01 18:00,20.6
991,2021-11-01 21:00,20.0
992,2021-11-02 00:00,20.2
993,2021-11-02 03:00,26.1
994,2021-11-02 06:00,29.3
995,2021-11-02 09:00,28.3
996,2021-11-02 12:00,22.6
997,2021-11-02 15:00,21.5
998,2021-11-02 18:00,20.5
999,2021-11-02 21:00,19.9
1000,2021-11-03 00:00,20.3
1001,2021-11-03 03:00,25.7
1002,2021-11-03 06:00,28.8
1003,2021-11-03 09:00,27.5
1004,2021-11-03 12:00,22.5
1005,2021-11-03 15:00,21.3
1006,2021-11-03 18:00,20.8
1007,2021-11-03 21:00,20.1
1008,2021-11-04 00:00,20.5
1009,2021-11-04 03:00,24.5
1010,2021-11-04 06:00,27.9
1011,2021-11-04 09:00,27.1
1012,2021-11-04 12:00,22.3
1013,2021-11-04 15:00,21.2
1014,2021-11-04 18:00,20.3
1015,2021-11-04 21:00,19.8
1016,2021-11-05 00:00,20.0
1017,2021-11-05 03:00,25.8
1018,2021-11-05 06:00,28.6
1019,2021-11-05 09:00,27.8
1020,2021-11-05 12:00,22.6
1021,2021-11-05 15:00,21.4
1022,2021-11-05 18:00,20.5
1023,2021-11-05 21:00,19.8
1024,2021-11-06 00:00,20.0
1025,2021-11-06 03:00,26.4
1026,2021-11-06 06:00,29.5
1027,2021-11-06 09:00,28.9
1028,2021-11-06 12:00,23.0
1029,2021-11-06 15:00,21.6
1030,2021-11-06 18:00,20.8
1031,2021-11-06 21:00,20.0
1032,2021-11-07 00:00,20.3
1033,2021-11-07 03:00,26.9
1034,2021-11-07 06:00,30.1
1035,2021-11-07 09:00,29.4
1036,2021-11-07 12:00,23.5
1037,2021-11-07 15:00,22.0
1038,2021-11-07 18:00,21.1
1039,2021-11-07 21:00,20.5
1040,2021-11-08 00:00,20.5
1041,2021-11-08 03:00,27.0
1042,2021-11-08 06:00,30.2
1043,2021-11-08 09:00,29.0
1044,2021-11-08 12:00,22.8
1045,2021-11-08 15:00,21.5
1046,2021-11-08 18:00,20.8
1047,2021-11-08 21:00,20.3
1048,2021-11-09 00:00,20.7
1049,2021-11-09 03:00,25.7
1050,2021-11-09 06:00,27.2
1051,2021-11-09 09:00,27.1
1052,2021-11-09 12:00,22.2
1053,2021-11-09 15:00,20.9
1054,2021-11-09 18:00,20.2
1055,2021-11-09 21:00,19.6
1056,2021-11-10 00:00,19.9
1057,2021-11-10 03:00,25.2
1058,2021-11-10 06:00,27.8
1059,2021-11-10 09:00,27.0
1060,2021-11-10 12:00,21.7
1061,2021-11-10 15:00,20.7
1062,2021-11-10 18:00,20.1
1063,2021-11-10 21:00,19.6
1064,2021-11-11 00:00,19.7
1065,2021-11-11 03:00,24.9
1066,2021-11-11 06:00,28.0
1067,2021-11-11 09:00,27.5
1068,2021-11-11 12:00,21.9
1069,2021-11-11 15:00,21.0
1070,2021-11-11 18:00,20.3
1071,2021-11-11 21:00,19.9
1072,2021-11-12 00:00,20.1
1073,2021-11-12 03:00,22.8
1074,2021-11-12 06:00,27.5
1075,2021-11-12 09:00,26.7
1076,2021-11-12 12:00,22.4
1077,2021-11-12 15:00,21.1
1078,2021-11-12 18:00,20.2
1079,2021-11-12 21:00,19.6
1080,2021-11-13 00:00,19.8
1081,2021-11-13 03:00,25.8
1082,2021-11-13 06:00,28.4
1083,2021-11-13 09:00,27.6
1084,2021-11-13 12:00,22.3
1085,2021-11-13 15:00,21.0
1086,2021-11-13 18:00,19.8
1087,2021-11-13 21:00,19.3
1088,2021-11-14 00:00,19.4
1089,2021-11-14 03:00,25.3
1090,2021-11-14 06:00,28.1
1091,2021-11-14 09:00,27.2
1092,2021-11-14 12:00,22.0
1093,2021-11-14 15:00,20.7
1094,2021-11-14 18:00,20.0
1095,2021-11-14 21:00,19.4
1096,2021-11-15 00:00,19.6
1097,2021-11-15 03:00,24.7
1098,2021-11-15 06:00,28.2
1099,2021-11-15 09:00,27.4
1100,2021-11-15 12:00,21.8
1101,2021-11-15 15:00,20.6
1102,2021-11-15 18:00,20.1
1103,2021-11-15 21:00,19.5
1104,2021-11-16 00:00,19.7
1105,2021-11-16 03:00,25.4
1106,2021-11-16 06:00,28.5
1107,2021-11-16 09:00,26.7
1108,2021-11-16 12:00,22.0
1109,2021-11-16 15:00,20.9
1110,2021-11-16 18:00,20.2
1111,2021-11-16 21:00,19.8
1112,2021-11-17 00:00,19.9
1113,2021-11-17 03:00,25.5
1114,2021-11-17 06:00,29.6
1115,2021-11-17 09:00,27.9
1116,2021-11-17 12:00,22.5
1117,2021-11-17 15:00,21.6
1118,2021-11-17 18:00,20.5
1119,2021-11-17 21:00,19.7
1120,2021-11-18 00:00,19.8
1121,2021-11-18 03:00,26.1
1122,2021-11-18 06:00,29.5
1123,2021-11-18 09:00,28.3
1124,2021-11-18 12:00,22.9
1125,2021-11-18 15:00,21.4
1126,2021-11-18 18:00,20.5
1127,2021-11-18 21:00,19.8
1128,2021-11-19 00:00,19.9
1129,2021-11-19 03:00,26.1
1130,2021-11-19 06:00,29.4
1131,2021-11-19 09:00,29.0
1132,2021-11-19 12:00,23.3
1133,2021-11-19 15:00,21.7
1134,2021-11-19 18:00,20.7
1135,2021-11-19 21:00,19.9
1136,2021-11-20 00:00,20.1
1137,2021-11-20 03:00,24.6
1138,2021-11-20 06:00,29.5
1139,2021-11-20 09:00,29.6
1140,2021-11-20 12:00,23.4
1141,2021-11-20 15:00,21.2
1142,2021-11-20 18:00,20.0
1143,2021-11-20 21:00,18.8
1144,2021-11-21 00:00,18.3
1145,2021-11-21 03:00,25.2
1146,2021-11-21 06:00,29.3
1147,2021-11-21 09:00,28.9
1148,2021-11-21 12:00,22.0
1149,2021-11-21 15:00,20.2
1150,2021-11-21 18:00,18.9
1151,2021-11-21 21:00,18.1
1152,2021-11-22 00:00,17.8
1153,2021-11-22 03:00,25.2
1154,2021-11-22 06:00,29.2
1155,2021-11-22 09:00,28.9
1156,2021-11-22 12:00,22.4
1157,2021-11-22 15:00,21.0
1158,2021-11-22 18:00,20.0
1159,2021-11-22 21:00,19.2
1160,2021-11-23 00:00,19.2
1161,2021-11-23 03:00,26.1
1162,2021-11-23 06:00,27.5
1163,2021-11-23 09:00,27.2
1164,2021-11-23 12:00,21.6
1165,2021-11-23 15:00,20.1
1166,2021-11-23 18:00,20.5
1167,2021-11-23 21:00,20.3
1168,2021-11-24 00:00,20.2
1169,2021-11-24 03:00,22.8
1170,2021-11-24 06:00,22.8
1171,2021-11-24 09:00,22.8
1172,2021-11-24 12:00,20.9
1173,2021-11-24 15:00,19.7
1174,2021-11-24 18:00,19.5
1175,2021-11-24 21:00,19.0
1176,2021-11-25 00:00,18.9
1177,2021-11-25 03:00,22.7
1178,2021-11-25 06:00,26.2
1179,2021-11-25 09:00,24.8
1180,2021-11-25 12:00,20.5
1181,2021-11-25 15:00,19.8
1182,2021-11-25 18:00,19.4
1183,2021-11-25 21:00,18.7
1184,2021-11-26 00:00,18.7
1185,2021-11-26 03:00,24.0
1186,2021-11-26 06:00,27.1
1187,2021-11-26 09:00,25.0
1188,2021-11-26 12:00,21.7
1189,2021-11-26 15:00,20.2
1190,2021-11-26 18:00,18.8
1191,2021-11-26 21:00,18.2
1192,2021-11-27 00:00,18.2
1193,2021-11-27 03:00,23.7
1194,2021-11-27 06:00,26.7
1195,2021-11-27 09:00,26.7
1196,2021-11-27 12:00,20.7
1197,2021-11-27 15:00,19.6
1198,2021-11-27 18:00,18.6
1199,2021-11-27 21:00,17.9
1200,2021-11-28 00:00,17.8
1201,2021-11-28 03:00,24.3
1202,2021-11-28 06:00,27.7
1203,2021-11-28 09:00,27.0
1204,2021-11-28 12:00,21.3
1205,2021-11-28 15:00,19.7
1206,2021-11-28 18:00,18.8
1207,2021-11-28 21:00,18.1
1208,2021-11-29 00:00,17.8
1209,2021-11-29 03:00,24.4
1210,2021-11-29 06:00,28.1
1211,2021-11-29 09:00,27.6
1212,2021-11-29 12:00,21.5
1213,2021-11-29 15:00,19.6
1214,2021-11-29 18:00,18.1
1215,2021-11-29 21:00,16.9
1216,2021-11-30 00:00,16.1
1217,2021-11-30 03:00,23.6
1218,2021-11-30 06:00,27.9
1219,2021-11-30 09:00,26.0
1220,2021-11-30 12:00,19.9
1221,2021-11-30 15:00,17.8
1222,2021-11-30 18:00,16.9
1223,2021-11-30 21:00,16.6
1224,2021-12-01 00:00,16.0
1225,2021-12-01 03:00,22.8
1226,2021-12-01 06:00,26.7
1227,2021-12-01 09:00,26.2
1228,2021-12-01 12:00,19.8
1229,2021-12-01 15:00,18.0
1230,2021-12-01 18:00,16.8
1231,2021-12-01 21:00,15.8
1232,2021-12-02 00:00,15.5
1233,2021-12-02 03:00,22.6
1234,2021-12-02 06:00,26.2
1235,2021-12-02 09:00,25.2
1236,2021-12-02 12:00,19.8
1237,2021-12-02 15:00,18.1
1238,2021-12-02 18:00,17.0
1239,2021-12-02 21:00,16.1
1240,2021-12-03 00:00,15.4
1241,2021-12-03 03:00,22.2
1242,2021-12-03 06:00,25.9
1243,2021-12-03 09:00,25.3
1244,2021-12-03 12:00,19.2
1245,2021-12-03 15:00,17.6
1246,2021-12-03 18:00,16.3
1247,2021-12-03 21:00,15.5
1248,2021-12-04 00:00,14.9
1249,2021-12-04 03:00,21.9
1250,2021-12-04 06:00,25.4
1251,2021-12-04 09:00,24.7
1252,2021-12-04 12:00,18.6
1253,2021-12-04 15:00,16.9
1254,2021-12-04 18:00,15.8
1255,2021-12-04 21:00,14.9
1256,2021-12-05 00:00,14.4
1257,2021-12-05 03:00,21.7
1258,2021-12-05 06:00,25.4
1259,2021-12-05 09:00,24.8
1260,2021-12-05 12:00,18.5
1261,2021-12-05 15:00,16.6
1262,2021-12-05 18:00,15.4
1263,2021-12-05 21:00,14.5
1264,2021-12-06 00:00,14.0
1265,2021-12-06 03:00,21.4
1266,2021-12-06 06:00,25.3
1267,2021-12-06 09:00,24.8
1268,2021-12-06 12:00,18.8
1269,2021-12-06 15:00,17.0
1270,2021-12-06 18:00,15.7
1271,2021-12-06 21:00,14.9
1272,2021-12-07 00:00,14.4
1273,2021-12-07 03:00,21.8
1274,2021-12-07 06:00,25.8
1275,2021-12-07 09:00,25.3
1276,2021-12-07 12:00,18.9
1277,2021-12-07 15:00,17.2
1278,2021-12-07 18:00,16.3
1279,2021-12-07 21:00,15.5
1280,2021-12-08 00:00,15.0
1281,2021-12-08 03:00,22.4
1282,2021-12-08 06:00,26.2
1283,2021-12-08 09:00,25.9
1284,2021-12-08 12:00,19.9
1285,2021-12-08 15:00,18.0
1286,2021-12-08 18:00,16.7
1287,2021-12-08 21:00,15.8
1288,2021-12-09 00:00,15.4
1289,2021-12-09 03:00,23.2
1290,2021-12-09 06:00,27.0
1291,2021-12-09 09:00,26.4
1292,2021-12-09 12:00,20.0
1293,2021-12-09 15:00,18.1
1294,2021-12-09 18:00,17.0
1295,2021-12-09 21:00,16.2
1296,2021-12-10 00:00,15.7
1297,2021-12-10 03:00,23.5
1298,2021-12-10 06:00,27.7
1299,2021-12-10 09:00,27.3
1300,2021-12-10 12:00,20.5
1301,2021-12-10 15:00,18.7
1302,2021-12-10 18:00,18.0
1303,2021-12-10 21:00,17.2
1304,2021-12-11 00:00,16.6
1305,2021-12-11 03:00,24.1
1306,2021-12-11 06:00,27.8
1307,2021-12-11 09:00,27.2
1308,2021-12-11 12:00,20.8
1309,2021-12-11 15:00,19.1
1310,2021-12-11 18:00,18.0
1311,2021-12-11 21:00,17.2
1312,2021-12-12 00:00,16.7
1313,2021-12-12 03:00,24.1
1314,2021-12-12 06:00,27.7
1315,2021-12-12 09:00,25.9
1316,2021-12-12 12:00,22.2
1317,2021-12-12 15:00,19.2
1318,2021-12-12 18:00,17.7
1319,2021-12-12 21:00,16.6
1320,2021-12-13 00:00,16.0
1321,2021-12-13 03:00,23.7
1322,2021-12-13 06:00,27.1
1323,2021-12-13 09:00,26.5
1324,2021-12-13 12:00,20.8
1325,2021-12-13 15:00,19.2
1326,2021-12-13 18:00,18.8
1327,2021-12-13 21:00,16.7
1328,2021-12-14 00:00,15.6
1329,2021-12-14 03:00,23.3
1330,2021-12-14 06:00,27.2
1331,2021-12-14 09:00,26.8
1332,2021-12-14 12:00,19.8
1333,2021-12-14 15:00,18.0
1334,2021-12-14 18:00,16.8
1335,2021-12-14 21:00,15.7
1336,2021-12-15 00:00,14.9
1337,2021-12-15 03:00,22.8
1338,2021-12-15 06:00,27.2
1339,2021-12-15 09:00,27.0
1340,2021-12-15 12:00,20.1
1341,2021-12-15 15:00,18.1
1342,2021-12-15 18:00,16.8
1343,2021-12-15 21:00,15.7
1344,2021-12-16 00:00,15.0
1345,2021-12-16 03:00,23.2
1346,2021-12-16 06:00,28.3
1347,2021-12-16 09:00,27.8
1348,2021-12-16 12:00,20.4
1349,2021-12-16 15:00,18.4
1350,2021-12-16 18:00,17.0
1351,2021-12-16 21:00,16.4
1352,2021-12-17 00:00,15.6
1353,2021-12-17 03:00,22.9
1354,2021-12-17 06:00,27.9
1355,2021-12-17 09:00,27.4
1356,2021-12-17 12:00,20.3
1357,2021-12-17 15:00,17.9
1358,2021-12-17 18:00,16.5
1359,2021-12-17 21:00,15.4
1360,2021-12-18 00:00,14.8
1361,2021-12-18 03:00,22.9
1362,2021-12-18 06:00,27.3
1363,2021-12-18 09:00,26.8
1364,2021-12-18 12:00,20.9
1365,2021-12-18 15:00,18.2
1366,2021-12-18 18:00,17.2
1367,2021-12-18 21:00,16.3
1368,2021-12-19 00:00,15.3
1369,2021-12-19 03:00,22.7
1370,2021-12-19 06:00,26.5
1371,2021-12-19 09:00,24.3
1372,2021-12-19 12:00,18.7
1373,2021-12-19 15:00,16.9
1374,2021-12-19 18:00,15.5
1375,2021-12-19 21:00,14.5
1376,2021-12-20 00:00,13.8
1377,2021-12-20 03:00,21.5
1378,2021-12-20 06:00,26.0
1379,2021-12-20 09:00,25.7
1380,2021-12-20 12:00,20.5
1381,2021-12-20 15:00,17.2
1382,2021-12-20 18:00,15.7
1383,2021-12-20 21:00,14.5
1384,2021-12-21 00:00,13.8
1385,2021-12-21 03:00,21.9
1386,2021-12-21 06:00,26.6
1387,2021-12-21 09:00,26.4
1388,2021-12-21 12:00,19.3
1389,2021-12-21 15:00,17.2
1390,2021-12-21 18:00,15.7
1391,2021-12-21 21:00,14.7
1392,2021-12-22 00:00,14.0
1393,2021-12-22 03:00,22.3
1394,2021-12-22 06:00,26.4
1395,2021-12-22 09:00,26.3
1396,2021-12-22 12:00,20.2
1397,2021-12-22 15:00,17.6
1398,2021-12-22 18:00,16.2
1399,2021-12-22 21:00,16.4
1400,2021-12-23 00:00,14.5
1401,2021-12-23 03:00,22.6
1402,2021-12-23 06:00,26.7
1403,2021-12-23 09:00,26.6
1404,2021-12-23 12:00,19.8
1405,2021-12-23 15:00,17.5
1406,2021-12-23 18:00,16.0
1407,2021-12-23 21:00,15.8
1408,2021-12-24 00:00,14.5
1409,2021-12-24 03:00,22.6
1410,2021-12-24 06:00,26.7
1411,2021-12-24 09:00,26.8
1412,2021-12-24 12:00,19.7
1413,2021-12-24 15:00,17.7
1414,2021-12-24 18:00,19.3
1415,2021-12-24 21:00,18.5
1416,2021-12-25 00:00,15.9
1417,2021-12-25 03:00,23.7
1418,2021-12-25 06:00,27.5
1419,2021-12-25 09:00,27.7
1420,2021-12-25 12:00,20.6
1421,2021-12-25 15:00,18.2
1422,2021-12-25 18:00,16.6
1423,2021-12-25 21:00,15.1
1424,2021-12-26 00:00,14.4
1425,2021-12-26 03:00,22.1
1426,2021-12-26 06:00,26.5
1427,2021-12-26 09:00,27.0
1428,2021-12-26 12:00,20.4
1429,2021-12-26 15:00,17.9
1430,2021-12-26 18:00,16.8
1431,2021-12-26 21:00,16.1
1432,2021-12-27 00:00,15.7
1433,2021-12-27 03:00,22.9
1434,2021-12-27 06:00,27.8
1435,2021-12-27 09:00,27.5
1436,2021-12-27 12:00,20.6
1437,2021-12-27 15:00,18.6
1438,2021-12-27 18:00,17.4
1439,2021-12-27 21:00,16.3
1440,2021-12-28 00:00,15.6
1441,2021-12-28 03:00,23.6
1442,2021-12-28 06:00,28.0
1443,2021-12-28 09:00,27.8
1444,2021-12-28 12:00,21.0
1445,2021-12-28 15:00,18.7
1446,2021-12-28 18:00,17.1
1447,2021-12-28 21:00,16.1
1448,2021-12-29 00:00,15.4
1449,2021-12-29 03:00,23.7
1450,2021-12-29 06:00,28.9
1451,2021-12-29 09:00,28.5
1452,2021-12-29 12:00,21.3
1453,2021-12-29 15:00,19.7
1454,2021-12-29 18:00,19.7
1455,2021-12-29 21:00,19.1
1456,2021-12-30 00:00,17.8
1457,2021-12-30 03:00,22.2
1458,2021-12-30 06:00,27.8
1459,2021-12-30 09:00,27.0
1460,2021-12-30 12:00,21.2
1461,2021-12-30 15:00,18.1
1462,2021-12-30 18:00,17.3
1463,2021-12-30 21:00,16.8
1464,2021-12-31 00:00,16.4
1465,2021-12-31 03:00,23.2
1466,2021-12-31 06:00,28.2
1467,2021-12-31 09:00,27.9
1468,2021-12-31 12:00,21.6
1469,2021-12-31 15:00,19.4
1470,2021-12-31 18:00,18.1
1471,2021-12-31 21:00,17.6
1472,2022-01-01 00:00,17.0
1473,2022-01-01 03:00,24.3
1474,2022-01-01 06:00,28.3
1475,2022-01-01 09:00,28.3
1476,2022-01-01 12:00,22.4
1477,2022-01-01 15:00,19.6
1478,2022-01-01 18:00,18.1
1479,2022-01-01 21:00,17.1
1480,2022-01-02 00:00,16.1
1481,2022-01-02 03:00,23.8
1482,2022-01-02 06:00,27.5
1483,2022-01-02 09:00,27.3
1484,2022-01-02 12:00,21.7
1485,2022-01-02 15:00,19.0
1486,2022-01-02 18:00,17.4
1487,2022-01-02 21:00,16.2
1488,2022-01-03 00:00,15.2
1489,2022-01-03 03:00,23.3
1490,2022-01-03 06:00,27.5
1491,2022-01-03 09:00,27.4
1492,2022-01-03 12:00,21.2
1493,2022-01-03 15:00,18.5
1494,2022-01-03 18:00,17.1
1495,2022-01-03 21:00,15.9
1496,2022-01-04 00:00,15.1
1497,2022-01-04 03:00,23.4
1498,2022-01-04 06:00,28.2
1499,2022-01-04 09:00,28.4
1500,2022-01-04 12:00,21.1
1501,2022-01-04 15:00,18.7
1502,2022-01-04 18:00,16.9
1503,2022-01-04 21:00,15.6
1504,2022-01-05 00:00,14.7
1505,2022-01-05 03:00,23.2
1506,2022-01-05 06:00,28.2
1507,2022-01-05 09:00,28.7
1508,2022-01-05 12:00,28.7
1509,2022-01-05 15:00,18.2
1510,2022-01-05 18:00,16.5
1511,2022-01-05 21:00,15.3
1512,2022-01-06 00:00,14.4
1513,2022-01-06 03:00,22.8
1514,2022-01-06 06:00,28.9
1515,2022-01-06 09:00,29.3
1516,2022-01-06 12:00,21.4
1517,2022-01-06 15:00,18.8
1518,2022-01-06 18:00,16.8
1519,2022-01-06 21:00,15.6
1520,2022-01-07 00:00,14.9
1521,2022-01-07 03:00,23.4
1522,2022-01-07 06:00,28.4
1523,2022-01-07 09:00,29.1
1524,2022-01-07 12:00,21.8
1525,2022-01-07 15:00,19.2
1526,2022-01-07 18:00,17.3
1527,2022-01-07 21:00,15.8
1528,2022-01-08 00:00,14.8
1529,2022-01-08 03:00,23.4
1530,2022-01-08 06:00,28.6
1531,2022-01-08 09:00,28.9
1532,2022-01-08 12:00,21.2
1533,2022-01-08 15:00,18.7
1534,2022-01-08 18:00,16.8
1535,2022-01-08 21:00,15.4
1536,2022-01-09 00:00,14.5
1537,2022-01-09 03:00,23.4
1538,2022-01-09 06:00,29.2
1539,2022-01-09 09:00,29.5
1540,2022-01-09 12:00,21.4
1541,2022-01-09 15:00,18.7
1542,2022-01-09 18:00,16.8
1543,2022-01-09 21:00,15.4
1544,2022-01-10 00:00,14.5
1545,2022-01-10 03:00,23.6
1546,2022-01-10 06:00,29.2
1547,2022-01-10 09:00,30.0
1548,2022-01-10 12:00,21.4
1549,2022-01-10 15:00,18.4
1550,2022-01-10 18:00,16.5
1551,2022-01-10 21:00,15.2
1552,2022-01-11 00:00,14.3
1553,2022-01-11 03:00,23.1
1554,2022-01-11 06:00,28.8
1555,2022-01-11 09:00,29.1
1556,2022-01-11 12:00,22.0
1557,2022-01-11 15:00,19.1
1558,2022-01-11 18:00,17.4
1559,2022-01-11 21:00,16.7
1560,2022-01-12 00:00,15.9
1561,2022-01-12 03:00,23.8
1562,2022-01-12 06:00,29.3
1563,2022-01-12 09:00,29.3
1564,2022-01-12 12:00,22.9
1565,2022-01-12 15:00,20.8
1566,2022-01-12 18:00,20.6
1567,2022-01-12 21:00,19.6
1568,2022-01-13 00:00,18.1
1569,2022-01-13 03:00,25.3
1570,2022-01-13 06:00,29.8
1571,2022-01-13 09:00,29.8
1572,2022-01-13 12:00,21.9
1573,2022-01-13 15:00,20.4
1574,2022-01-13 18:00,18.9
1575,2022-01-13 21:00,16.7
1576,2022-01-14 00:00,16.0
1577,2022-01-14 03:00,23.5
1578,2022-01-14 06:00,28.5
1579,2022-01-14 09:00,27.8
1580,2022-01-14 12:00,22.4
1581,2022-01-14 15:00,19.7
1582,2022-01-14 18:00,18.0
1583,2022-01-14 21:00,16.7
1584,2022-01-15 00:00,15.9
1585,2022-01-15 03:00,22.8
1586,2022-01-15 06:00,28.5
1587,2022-01-15 09:00,27.5
1588,2022-01-15 12:00,20.9
1589,2022-01-15 15:00,18.1
1590,2022-01-15 18:00,17.2
1591,2022-01-15 21:00,16.7
1592,2022-01-16 00:00,17.2
1593,2022-01-16 03:00,21.1
1594,2022-01-16 06:00,25.3
1595,2022-01-16 09:00,25.8
1596,2022-01-16 12:00,20.1
1597,2022-01-16 15:00,17.6
1598,2022-01-16 18:00,16.8
1599,2022-01-16 21:00,16.1
1600,2022-01-17 00:00,15.6
1601,2022-01-17 03:00,21.9
1602,2022-01-17 06:00,27.4
1603,2022-01-17 09:00,26.4
1604,2022-01-17 12:00,20.2
1605,2022-01-17 15:00,18.6
1606,2022-01-17 18:00,16.9
1607,2022-01-17 21:00,16.0
1608,2022-01-18 00:00,15.4
1609,2022-01-18 03:00,21.8
1610,2022-01-18 06:00,26.1
1611,2022-01-18 09:00,26.5
1612,2022-01-18 12:00,20.4
1613,2022-01-18 15:00,19.0
1614,2022-01-18 18:00,16.8
1615,2022-01-18 21:00,16.4
1616,2022-01-19 00:00,16.5
1617,2022-01-19 03:00,21.8
1618,2022-01-19 06:00,25.1
1619,2022-01-19 09:00,26.0
1620,2022-01-19 12:00,18.5
1621,2022-01-19 15:00,16.6
1622,2022-01-19 18:00,15.5
1623,2022-01-19 21:00,14.6
1624,2022-01-20 00:00,14.2
1625,2022-01-20 03:00,20.9
1626,2022-01-20 06:00,26.2
1627,2022-01-20 09:00,25.7
1628,2022-01-20 12:00,20.4
1629,2022-01-20 15:00,17.8
1630,2022-01-20 18:00,16.3
1631,2022-01-20 21:00,15.6
1632,2022-01-21 00:00,15.2
1633,2022-01-21 03:00,19.7
1634,2022-01-21 06:00,25.9
1635,2022-01-21 09:00,26.2
1636,2022-01-21 12:00,20.2
1637,2022-01-21 15:00,17.4
1638,2022-01-21 18:00,15.9
1639,2022-01-21 21:00,14.8
1640,2022-01-22 00:00,14.3
1641,2022-01-22 03:00,22.0
1642,2022-01-22 06:00,26.7
1643,2022-01-22 09:00,27.9
1644,2022-01-22 12:00,20.1
1645,2022-01-22 15:00,16.9
1646,2022-01-22 18:00,14.9
1647,2022-01-22 21:00,13.3
1648,2022-01-23 00:00,12.2
1649,2022-01-23 03:00,21.2
1650,2022-01-23 06:00,27.0
1651,2022-01-23 09:00,27.0
1652,2022-01-23 12:00,19.1
1653,2022-01-23 15:00,16.3
1654,2022-01-23 18:00,14.6
1655,2022-01-23 21:00,13.5
1656,2022-01-24 00:00,12.7
1657,2022-01-24 03:00,21.7
1658,2022-01-24 06:00,27.5
1659,2022-01-24 09:00,27.6
1660,2022-01-24 12:00,19.9
1661,2022-01-24 15:00,17.1
1662,2022-01-24 18:00,15.7
1663,2022-01-24 21:00,14.6
1664,2022-01-25 00:00,13.8
1665,2022-01-25 03:00,23.0
1666,2022-01-25 06:00,28.2
1667,2022-01-25 09:00,28.4
1668,2022-01-25 12:00,20.7
1669,2022-01-25 15:00,18.0
1670,2022-01-25 18:00,16.3
1671,2022-01-25 21:00,14.8
1672,2022-01-26 00:00,13.8
1673,2022-01-26 03:00,23.1
1674,2022-01-26 06:00,28.7
1675,2022-01-26 09:00,28.8
1676,2022-01-26 12:00,20.5
1677,2022-01-26 15:00,17.4
1678,2022-01-26 18:00,16.0
1679,2022-01-26 21:00,14.4
1680,2022-01-27 00:00,13.3
1681,2022-01-27 03:00,22.8
1682,2022-01-27 06:00,29.1
1683,2022-01-27 09:00,29.6
1684,2022-01-27 12:00,20.5
1685,2022-01-27 15:00,17.4
1686,2022-01-27 18:00,15.7
1687,2022-01-27 21:00,14.3
1688,2022-01-28 00:00,13.3
1689,2022-01-28 03:00,23.2
1690,2022-01-28 06:00,29.6
1691,2022-01-28 09:00,30.6
1692,2022-01-28 12:00,21.9
1693,2022-01-28 15:00,18.6
1694,2022-01-28 18:00,17.2
1695,2022-01-28 21:00,15.9
1696,2022-01-29 00:00,14.9
1697,2022-01-29 03:00,24.2
1698,2022-01-29 06:00,30.1
1699,2022-01-29 09:00,30.5
1700,2022-01-29 12:00,22.0
1701,2022-01-29 15:00,17.9
1702,2022-01-29 18:00,15.6
1703,2022-01-29 21:00,13.9
1704,2022-01-30 00:00,12.7
1705,2022-01-30 03:00,22.4
1706,2022-01-30 06:00,28.2
1707,2022-01-30 09:00,29.4
1708,2022-01-30 12:00,20.9
1709,2022-01-30 15:00,16.9
1710,2022-01-30 18:00,14.7
1711,2022-01-30 21:00,12.9
1712,2022-01-31 00:00,11.4
1713,2022-01-31 03:00,21.6
1714,2022-01-31 06:00,27.9
1715,2022-01-31 09:00,29.2
1716,2022-01-31 12:00,20.3
1717,2022-01-31 15:00,16.9
1718,2022-01-31 18:00,14.7
1719,2022-01-31 21:00,13.0
1720,2022-02-01 00:00,11.7
1721,2022-02-01 03:00,22.4
1722,2022-02-01 06:00,28.7
1723,2022-02-01 09:00,30.1
1724,2022-02-01 12:00,20.5
1725,2022-02-01 15:00,16.4
1726,2022-02-01 18:00,14.1
1727,2022-02-01 21:00,12.3
1728,2022-02-02 00:00,10.8
1729,2022-02-02 03:00,21.7
1730,2022-02-02 06:00,28.4
1731,2022-02-02 09:00,30.7
1732,2022-02-02 12:00,20.9
1733,2022-02-02 15:00,16.5
1734,2022-02-02 18:00,14.0
1735,2022-02-02 21:00,12.0
1736,2022-02-03 00:00,10.8
1737,2022-02-03 03:00,22.0
1738,2022-02-03 06:00,29.0
1739,2022-02-03 09:00,30.0
1740,2022-02-03 12:00,20.8
1741,2022-02-03 15:00,17.0
1742,2022-02-03 18:00,14.7
1743,2022-02-03 21:00,13.3
1744,2022-02-04 00:00,12.5
1745,2022-02-04 03:00,23.1
1746,2022-02-04 06:00,30.0
1747,2022-02-04 09:00,30.6
1748,2022-02-04 12:00,22.9
1749,2022-02-04 15:00,20.1
1750,2022-02-04 18:00,17.5
1751,2022-02-04 21:00,16.6
1752,2022-02-05 00:00,15.7
1753,2022-02-05 03:00,23.6
1754,2022-02-05 06:00,28.5
1755,2022-02-05 09:00,28.2
1756,2022-02-05 12:00,20.2
1757,2022-02-05 15:00,17.6
1758,2022-02-05 18:00,17.0
1759,2022-02-05 21:00,17.6
1760,2022-02-06 00:00,17.9
1761,2022-02-06 03:00,20.8
1762,2022-02-06 06:00,26.9
1763,2022-02-06 09:00,28.0
1764,2022-02-06 12:00,22.4
1765,2022-02-06 15:00,22.4
1766,2022-02-06 18:00,17.5
1767,2022-02-06 21:00,17.5
1768,2022-02-07 00:00,15.2
1769,2022-02-07 03:00,24.1
1770,2022-02-07 06:00,29.7
1771,2022-02-07 09:00,31.1
1772,2022-02-07 12:00,22.4
1773,2022-02-07 15:00,18.5
1774,2022-02-07 18:00,16.1
1775,2022-02-07 21:00,14.3
1776,2022-02-08 00:00,12.9
1777,2022-02-08 03:00,23.0
1778,2022-02-08 06:00,29.5
1779,2022-02-08 09:00,30.3
1780,2022-02-08 12:00,21.3
1781,2022-02-08 15:00,17.8
1782,2022-02-08 18:00,15.8
1783,2022-02-08 21:00,14.3
1784,2022-02-09 00:00,13.0
1785,2022-02-09 03:00,23.7
1786,2022-02-09 06:00,30.3
1787,2022-02-09 09:00,31.4
1788,2022-02-09 12:00,21.9
1789,2022-02-09 15:00,18.0
1790,2022-02-09 18:00,15.7
1791,2022-02-09 21:00,14.1
1792,2022-02-10 00:00,12.8
1793,2022-02-10 03:00,23.7
1794,2022-02-10 06:00,31.8
1795,2022-02-10 09:00,32.2
1796,2022-02-10 12:00,22.3
1797,2022-02-10 15:00,18.6
1798,2022-02-10 18:00,16.2
1799,2022-02-10 21:00,14.6
1800,2022-02-11 00:00,13.5
1801,2022-02-11 03:00,24.7
1802,2022-02-11 06:00,31.9
1803,2022-02-11 09:00,32.6
1804,2022-02-11 12:00,23.4
1805,2022-02-11 15:00,19.3
1806,2022-02-11 18:00,17.2
1807,2022-02-11 21:00,17.2
1808,2022-02-12 00:00,14.2
1809,2022-02-12 03:00,25.2
1810,2022-02-12 06:00,31.5
1811,2022-02-12 09:00,32.9
1812,2022-02-12 12:00,23.7
1813,2022-02-12 15:00,19.4
1814,2022-02-12 18:00,16.8
1815,2022-02-12 21:00,15.0
1816,2022-02-13 00:00,13.2
1817,2022-02-13 03:00,24.3
1818,2022-02-13 06:00,32.0
1819,2022-02-13 09:00,32.0
1820,2022-02-13 12:00,22.2
1821,2022-02-13 15:00,18.4
1822,2022-02-13 18:00,15.8
1823,2022-02-13 21:00,14.5
1824,2022-02-14 00:00,14.0
1825,2022-02-14 03:00,25.1
1826,2022-02-14 06:00,31.8
1827,2022-02-14 09:00,32.7
1828,2022-02-14 12:00,24.0
1829,2022-02-14 15:00,20.7
1830,2022-02-14 18:00,19.7
1831,2022-02-14 21:00,18.4
1832,2022-02-15 00:00,17.3
1833,2022-02-15 03:00,27.1
1834,2022-02-15 06:00,32.1
1835,2022-02-15 09:00,32.9
1836,2022-02-15 12:00,25.7
1837,2022-02-15 15:00,21.3
1838,2022-02-15 18:00,19.7
1839,2022-02-15 21:00,18.5
1840,2022-02-16 00:00,17.7
1841,2022-02-16 03:00,26.7
1842,2022-02-16 06:00,31.5
1843,2022-02-16 09:00,32.3
1844,2022-02-16 12:00,25.8
1845,2022-02-16 15:00,22.7
1846,2022-02-16 18:00,20.2
1847,2022-02-16 21:00,18.8
1848,2022-02-17 00:00,18.0
1849,2022-02-17 03:00,26.7
1850,2022-02-17 06:00,31.0
1851,2022-02-17 09:00,29.9
1852,2022-02-17 12:00,25.4
1853,2022-02-17 15:00,21.8
1854,2022-02-17 18:00,21.9
1855,2022-02-17 21:00,20.8
1856,2022-02-18 00:00,19.5
1857,2022-02-18 03:00,27.9
1858,2022-02-18 06:00,32.3
1859,2022-02-18 09:00,28.4
1860,2022-02-18 12:00,23.8
1861,2022-02-18 15:00,22.7
1862,2022-02-18 18:00,21.4
1863,2022-02-18 21:00,20.3
1864,2022-02-19 00:00,20.4
1865,2022-02-19 03:00,22.5
1866,2022-02-19 06:00,22.3
1867,2022-02-19 09:00,22.7
1868,2022-02-19 12:00,21.7
1869,2022-02-19 15:00,20.6
1870,2022-02-19 18:00,19.9
1871,2022-02-19 21:00,19.8
1872,2022-02-20 00:00,19.2
1873,2022-02-20 03:00,25.1
1874,2022-02-20 06:00,32.0
1875,2022-02-20 09:00,33.4
1876,2022-02-20 12:00,24.5
1877,2022-02-20 15:00,19.9
1878,2022-02-20 18:00,17.4
1879,2022-02-20 21:00,15.8
1880,2022-02-21 00:00,14.7
1881,2022-02-21 03:00,25.0
1882,2022-02-21 06:00,30.3
1883,2022-02-21 09:00,31.2
1884,2022-02-21 12:00,25.1
1885,2022-02-21 15:00,21.7
1886,2022-02-21 18:00,18.6
1887,2022-02-21 21:00,17.9
1888,2022-02-22 00:00,18.0
1889,2022-02-22 03:00,24.4
1890,2022-02-22 06:00,29.6
1891,2022-02-22 09:00,30.2
1892,2022-02-22 12:00,24.3
1893,2022-02-22 15:00,20.8
1894,2022-02-22 18:00,19.0
1895,2022-02-22 21:00,17.7
1896,2022-02-23 00:00,16.9
1897,2022-02-23 03:00,26.1
1898,2022-02-23 06:00,30.5
1899,2022-02-23 09:00,31.1
1900,2022-02-23 12:00,23.9
1901,2022-02-23 15:00,20.3
1902,2022-02-23 18:00,18.5
1903,2022-02-23 21:00,17.1
1904,2022-02-24 00:00,16.2
1905,2022-02-24 03:00,25.5
1906,2022-02-24 06:00,29.7
1907,2022-02-24 09:00,30.0
1908,2022-02-24 12:00,23.2
1909,2022-02-24 15:00,19.8
1910,2022-02-24 18:00,18.2
1911,2022-02-24 21:00,18.2
1912,2022-02-25 00:00,15.8
1913,2022-02-25 03:00,25.9
1914,2022-02-25 06:00,31.1
1915,2022-02-25 09:00,31.5
1916,2022-02-25 12:00,24.0
1917,2022-02-25 15:00,20.5
1918,2022-02-25 18:00,18.6
1919,2022-02-25 21:00,17.2
1920,2022-02-26 00:00,16.3
1921,2022-02-26 03:00,27.0
1922,2022-02-26 06:00,32.9
1923,2022-02-26 09:00,33.0
1924,2022-02-26 12:00,25.0
1925,2022-02-26 15:00,21.3
1926,2022-02-26 18:00,19.6
1927,2022-02-26 21:00,17.9
1928,2022-02-27 00:00,17.1
1929,2022-02-27 03:00,28.1
1930,2022-02-27 06:00,33.2
1931,2022-02-27 09:00,33.3
1932,2022-02-27 12:00,25.6
1933,2022-02-27 15:00,22.0
1934,2022-02-27 18:00,20.3
1935,2022-02-27 21:00,19.3
1936,2022-02-28 00:00,17.8
1937,2022-02-28 03:00,28.7
1938,2022-02-28 06:00,33.7
1939,2022-02-28 09:00,34.1
1940,2022-02-28 12:00,26.3
1941,2022-02-28 15:00,22.4
1942,2022-02-28 18:00,20.4
1943,2022-02-28 21:00,18.7
1944,2022-03-01 00:00,17.7
1945,2022-03-01 03:00,28.9
1946,2022-03-01 06:00,35.5
1947,2022-03-01 09:00,35.3
1948,2022-03-01 12:00,26.6
1949,2022-03-01 15:00,23.0
1950,2022-03-01 18:00,21.3
1951,2022-03-01 21:00,19.9
1952,2022-03-02 00:00,18.9
1953,2022-03-02 03:00,29.9
1954,2022-03-02 06:00,34.9
1955,2022-03-02 09:00,34.9
1956,2022-03-02 12:00,28.2
1957,2022-03-02 15:00,25.2
1958,2022-03-02 18:00,23.0
1959,2022-03-02 21:00,21.4
1960,2022-03-03 00:00,20.3
1961,2022-03-03 03:00,31.0
1962,2022-03-03 06:00,35.5
1963,2022-03-03 09:00,35.4
1964,2022-03-03 12:00,29.9
1965,2022-03-03 15:00,24.8
1966,2022-03-03 18:00,22.6
1967,2022-03-03 21:00,21.0
1968,2022-03-04 00:00,20.3
1969,2022-03-04 03:00,31.1
1970,2022-03-04 06:00,36.1
1971,2022-03-04 09:00,36.2
1972,2022-03-04 12:00,30.4
1973,2022-03-04 15:00,25.8
1974,2022-03-04 18:00,23.6
1975,2022-03-04 21:00,22.0
1976,2022-03-05 00:00,21.2
1977,2022-03-05 03:00,32.0
1978,2022-03-05 06:00,36.9
1979,2022-03-05 09:00,37.2
1980,2022-03-05 12:00,30.1
1981,2022-03-05 15:00,25.7
1982,2022-03-05 18:00,23.8
1983,2022-03-05 21:00,22.1
1984,2022-03-06 00:00,21.1
1985,2022-03-06 03:00,32.0
1986,2022-03-06 06:00,32.0
1987,2022-03-06 09:00,37.4
1988,2022-03-06 12:00,37.4
1989,2022-03-06 15:00,26.0
1990,2022-03-06 18:00,24.8
1991,2022-03-06 21:00,22.9
1992,2022-03-07 00:00,22.0
1993,2022-03-07 03:00,32.1
1994,2022-03-07 06:00,37.0
1995,2022-03-07 09:00,32.9
1996,2022-03-07 12:00,26.7
1997,2022-03-07 15:00,23.6
1998,2022-03-07 18:00,21.7
1999,2022-03-07 21:00,21.7
2000,2022-03-08 00:00,21.3
2001,2022-03-08 03:00,28.5
2002,2022-03-08 06:00,33.3
2003,2022-03-08 09:00,33.4
2004,2022-03-08 12:00,22.5
2005,2022-03-08 15:00,22.1
2006,2022-03-08 18:00,21.8
2007,2022-03-08 21:00,20.8
2008,2022-03-09 00:00,20.6
2009,2022-03-09 03:00,28.5
2010,2022-03-09 06:00,34.3
2011,2022-03-09 09:00,32.7
2012,2022-03-09 12:00,27.0
2013,2022-03-09 15:00,25.2
2014,2022-03-09 18:00,23.7
2015,2022-03-09 21:00,22.7
2016,2022-03-10 00:00,22.1
2017,2022-03-10 03:00,31.4
2018,2022-03-10 06:00,36.7
2019,2022-03-10 09:00,36.6
2020,2022-03-10 12:00,29.9
2021,2022-03-10 15:00,26.9
2022,2022-03-10 18:00,25.3
2023,2022-03-10 21:00,24.6
2024,2022-03-11 00:00,24.6
2025,2022-03-11 03:00,32.7
2026,2022-03-11 06:00,37.2
2027,2022-03-11 09:00,36.7
2028,2022-03-11 12:00,29.8
2029,2022-03-11 15:00,25.2
2030,2022-03-11 18:00,24.2
2031,2022-03-11 21:00,23.1
2032,2022-03-12 00:00,23.1
2033,2022-03-12 03:00,31.8
2034,2022-03-12 06:00,36.9
2035,2022-03-12 09:00,36.8
2036,2022-03-12 12:00,30.5
2037,2022-03-12 15:00,28.5
2038,2022-03-12 18:00,26.2
2039,2022-03-12 21:00,24.8
2040,2022-03-13 00:00,24.4
2041,2022-03-13 03:00,33.2
2042,2022-03-13 06:00,37.5
2043,2022-03-13 09:00,37.6
2044,2022-03-13 12:00,31.7
2045,2022-03-13 15:00,28.5
2046,2022-03-13 18:00,26.7
2047,2022-03-13 21:00,25.3
2048,2022-03-14 00:00,25.0
2049,2022-03-14 03:00,34.1
2050,2022-03-14 06:00,37.8
2051,2022-03-14 09:00,28.3
2052,2022-03-14 12:00,28.2
2053,2022-03-14 15:00,26.8
2054,2022-03-14 18:00,25.7
2055,2022-03-14 21:00,24.6
2056,2022-03-15 00:00,23.6
2057,2022-03-15 03:00,33.0
2058,2022-03-15 06:00,37.6
2059,2022-03-15 09:00,34.8
2060,2022-03-15 12:00,29.3
2061,2022-03-15 15:00,25.9
2062,2022-03-15 18:00,24.2
2063,2022-03-15 21:00,23.0
2064,2022-03-16 00:00,23.1
2065,2022-03-16 03:00,31.7
2066,2022-03-16 06:00,36.6
2067,2022-03-16 09:00,36.0
2068,2022-03-16 12:00,30.0
2069,2022-03-16 15:00,27.2
2070,2022-03-16 18:00,24.3
2071,2022-03-16 21:00,22.5
2072,2022-03-17 00:00,22.5
2073,2022-03-17 03:00,31.6
2074,2022-03-17 06:00,36.4
2075,2022-03-17 09:00,27.4
2076,2022-03-17 12:00,24.1
2077,2022-03-17 15:00,23.3
2078,2022-03-17 18:00,22.8
2079,2022-03-17 21:00,22.2
2080,2022-03-18 00:00,21.8
2081,2022-03-18 03:00,28.6
2082,2022-03-18 06:00,36.1
2083,2022-03-18 09:00,25.9
2084,2022-03-18 12:00,26.1
2085,2022-03-18 15:00,24.9
2086,2022-03-18 18:00,22.9
2087,2022-03-18 21:00,21.9
2088,2022-03-19 00:00,21.7
2089,2022-03-19 03:00,30.6
2090,2022-03-19 06:00,36.1
2091,2022-03-19 09:00,33.3
2092,2022-03-19 12:00,28.3
2093,2022-03-19 15:00,25.4
2094,2022-03-19 18:00,23.8
2095,2022-03-19 21:00,22.5
