,date_time,wind_speed,wind_dir
0,2021-07-01 00:00,11,230
1,2021-07-01 03:00,14,220
2,2021-07-01 06:00,15,225
3,2021-07-01 09:00,15,180
4,2021-07-01 12:00,17,170
5,2021-07-01 15:00,17,170
6,2021-07-01 18:00,17,205
7,2021-07-01 21:00,17,205
8,2021-07-02 00:00,17,205
9,2021-07-02 03:00,9,225
10,2021-07-02 06:00,13,235
11,2021-07-02 09:00,13,195
12,2021-07-02 12:00,15,180
13,2021-07-02 15:00,13,190
14,2021-07-02 18:00,13,215
15,2021-07-02 21:00,12,235
16,2021-07-03 00:00,8,270
17,2021-07-03 03:00,8,290
18,2021-07-03 06:00,9,245
19,2021-07-03 09:00,10,245
20,2021-07-03 12:00,11,190
21,2021-07-03 15:00,12,180
22,2021-07-03 18:00,14,210
23,2021-07-03 21:00,15,220
24,2021-07-04 00:00,15,220
25,2021-07-04 03:00,10,255
26,2021-07-04 06:00,10,235
27,2021-07-04 09:00,8,195
28,2021-07-04 12:00,13,180
29,2021-07-04 15:00,13,185
30,2021-07-04 18:00,15,230
31,2021-07-04 21:00,13,260
32,2021-07-05 00:00,10,260
33,2021-07-05 03:00,10,255
34,2021-07-05 06:00,12,255
35,2021-07-05 09:00,11,215
36,2021-07-05 12:00,18,180
37,2021-07-05 15:00,18,175
38,2021-07-05 18:00,15,205
39,2021-07-05 21:00,16,220
40,2021-07-06 00:00,16,240
41,2021-07-06 03:00,20,250
42,2021-07-06 06:00,22,240
43,2021-07-06 09:00,12,230
44,2021-07-06 12:00,18,215
45,2021-07-06 15:00,19,255
46,2021-07-06 18:00,19,240
47,2021-07-06 21:00,15,225
48,2021-07-07 00:00,16,230
49,2021-07-07 03:00,16,255
50,2021-07-07 06:00,19,245
51,2021-07-07 09:00,21,235
52,2021-07-07 12:00,22,235
53,2021-07-07 15:00,18,245
54,2021-07-07 18:00,19,255
55,2021-07-07 21:00,20,255
56,2021-07-08 00:00,18,255
57,2021-07-08 03:00,22,250
58,2021-07-08 06:00,25,250
59,2021-07-08 09:00,26,240
60,2021-07-08 12:00,26,235
61,2021-07-08 15:00,23,230
62,2021-07-08 18:00,21,245
63,2021-07-08 21:00,19,265
64,2021-07-09 00:00,15,285
65,2021-07-09 03:00,17,290
66,2021-07-09 06:00,14,280
67,2021-07-09 09:00,5,240
68,2021-07-09 12:00,9,280
69,2021-07-09 15:00,9,290
70,2021-07-09 18:00,20,285
71,2021-07-09 21:00,24,270
72,2021-07-10 00:00,14,265
73,2021-07-10 03:00,14,265
74,2021-07-10 06:00,18,220
75,2021-07-10 09:00,22,195
76,2021-07-10 12:00,20,200
77,2021-07-10 15:00,18,205
78,2021-07-10 18:00,18,220
79,2021-07-10 21:00,15,220
80,2021-07-11 00:00,9,230
81,2021-07-11 03:00,9,205
82,2021-07-11 06:00,18,190
83,2021-07-11 09:00,13,195
84,2021-07-11 12:00,11,195
85,2021-07-11 15:00,11,155
86,2021-07-11 18:00,8,185
87,2021-07-11 21:00,9,195
88,2021-07-12 00:00,8,190
89,2021-07-12 03:00,15,220
90,2021-07-12 06:00,15,220
91,2021-07-12 09:00,13,210
92,2021-07-12 12:00,11,195
93,2021-07-12 15:00,9,155
94,2021-07-12 18:00,8,160
95,2021-07-12 21:00,5,175
96,2021-07-13 00:00,4,180
97,2021-07-13 03:00,7,210
98,2021-07-13 06:00,10,225
99,2021-07-13 09:00,10,225
100,2021-07-13 12:00,9,185
101,2021-07-13 15:00,9,185
102,2021-07-13 18:00,9,185
103,2021-07-13 21:00,9,200
104,2021-07-14 00:00,7,165
105,2021-07-14 03:00,9,200
106,2021-07-14 06:00,7,220
107,2021-07-14 09:00,7,220
108,2021-07-14 12:00,5,150
109,2021-07-14 15:00,2,185
110,2021-07-14 18:00,4,340
111,2021-07-14 21:00,1,100
112,2021-07-15 00:00,2,215
113,2021-07-15 03:00,18,225
114,2021-07-15 06:00,13,205
115,2021-07-15 09:00,17,205
116,2021-07-15 12:00,16,245
117,2021-07-15 15:00,7,225
118,2021-07-15 18:00,13,210
119,2021-07-15 21:00,13,210
120,2021-07-16 00:00,13,210
121,2021-07-16 03:00,8,235
122,2021-07-16 06:00,11,215
123,2021-07-16 09:00,12,195
124,2021-07-16 12:00,13,185
125,2021-07-16 15:00,13,205
126,2021-07-16 18:00,16,230
127,2021-07-16 21:00,16,245
128,2021-07-17 00:00,14,240
129,2021-07-17 03:00,14,240
130,2021-07-17 06:00,20,240
131,2021-07-17 09:00,15,220
132,2021-07-17 12:00,18,230
133,2021-07-17 15:00,23,245
134,2021-07-17 18:00,23,255
135,2021-07-17 21:00,25,260
136,2021-07-18 00:00,24,255
137,2021-07-18 03:00,25,255
138,2021-07-18 06:00,28,250
139,2021-07-18 09:00,29,245
140,2021-07-18 12:00,31,260
141,2021-07-18 15:00,30,255
142,2021-07-18 18:00,30,260
143,2021-07-18 21:00,32,260
144,2021-07-19 00:00,32,255
145,2021-07-19 03:00,29,250
146,2021-07-19 06:00,33,255
147,2021-07-19 09:00,33,255
148,2021-07-19 12:00,35,255
149,2021-07-19 15:00,28,245
150,2021-07-19 18:00,26,245
151,2021-07-19 21:00,27,240
152,2021-07-20 00:00,26,240
153,2021-07-20 03:00,29,245
154,2021-07-20 06:00,28,245
155,2021-07-20 09:00,25,240
156,2021-07-20 12:00,26,230
157,2021-07-20 15:00,29,235
158,2021-07-20 18:00,30,240
159,2021-07-20 21:00,30,240
160,2021-07-21 00:00,27,250
161,2021-07-21 03:00,29,240
162,2021-07-21 06:00,28,245
163,2021-07-21 09:00,28,245
164,2021-07-21 12:00,20,220
165,2021-07-21 15:00,21,240
166,2021-07-21 18:00,23,240
167,2021-07-21 21:00,27,240
168,2021-07-22 00:00,24,235
169,2021-07-22 03:00,26,230
170,2021-07-22 06:00,25,225
171,2021-07-22 09:00,22,220
172,2021-07-22 12:00,21,240
173,2021-07-22 15:00,22,245
174,2021-07-22 18:00,28,250
175,2021-07-22 21:00,29,255
176,2021-07-23 00:00,21,260
177,2021-07-23 03:00,21,260
178,2021-07-23 06:00,25,250
179,2021-07-23 09:00,25,240
180,2021-07-23 12:00,27,250
181,2021-07-23 15:00,24,250
182,2021-07-23 18:00,27,245
183,2021-07-23 21:00,27,245
184,2021-07-24 00:00,25,245
185,2021-07-24 03:00,29,235
186,2021-07-24 06:00,28,245
187,2021-07-24 09:00,32,260
188,2021-07-24 12:00,37,265
189,2021-07-24 15:00,26,255
190,2021-07-24 18:00,27,255
191,2021-07-24 21:00,27,260
192,2021-07-25 00:00,36,255
193,2021-07-25 03:00,36,255
194,2021-07-25 06:00,28,260
195,2021-07-25 09:00,32,265
196,2021-07-25 12:00,32,270
197,2021-07-25 15:00,27,260
198,2021-07-25 18:00,27,260
199,2021-07-25 21:00,16,270
200,2021-07-26 00:00,15,240
201,2021-07-26 03:00,15,240
202,2021-07-26 06:00,22,260
203,2021-07-26 09:00,25,250
204,2021-07-26 12:00,25,255
205,2021-07-26 15:00,27,245
206,2021-07-26 18:00,28,250
207,2021-07-26 21:00,24,245
208,2021-07-27 00:00,21,245
209,2021-07-27 03:00,25,245
210,2021-07-27 06:00,26,245
211,2021-07-27 09:00,27,235
212,2021-07-27 12:00,23,245
213,2021-07-27 15:00,23,245
214,2021-07-27 18:00,26,250
215,2021-07-27 21:00,23,250
216,2021-07-28 00:00,21,245
217,2021-07-28 03:00,21,245
218,2021-07-28 06:00,26,245
219,2021-07-28 09:00,30,235
220,2021-07-28 12:00,31,240
221,2021-07-28 15:00,31,240
222,2021-07-28 18:00,30,255
223,2021-07-28 21:00,22,260
224,2021-07-29 00:00,19,245
225,2021-07-29 03:00,25,245
226,2021-07-29 06:00,26,250
227,2021-07-29 09:00,22,240
228,2021-07-29 12:00,26,240
229,2021-07-29 15:00,26,240
230,2021-07-29 18:00,28,250
231,2021-07-29 21:00,30,240
232,2021-07-30 00:00,25,235
233,2021-07-30 03:00,22,235
234,2021-07-30 06:00,25,240
235,2021-07-30 09:00,25,225
236,2021-07-30 12:00,26,230
237,2021-07-30 15:00,30,235
238,2021-07-30 18:00,24,255
239,2021-07-30 21:00,22,245
240,2021-07-31 00:00,19,230
241,2021-07-31 03:00,21,230
242,2021-07-31 06:00,19,240
243,2021-07-31 09:00,22,240
244,2021-07-31 12:00,23,250
245,2021-07-31 15:00,28,255
246,2021-07-31 18:00,28,260
247,2021-07-31 21:00,28,260
248,2021-08-01 00:00,24,250
249,2021-08-01 03:00,24,250
250,2021-08-01 06:00,23,250
251,2021-08-01 09:00,17,240
252,2021-08-01 12:00,15,240
253,2021-08-01 15:00,29,250
254,2021-08-01 18:00,28,260
255,2021-08-01 21:00,23,255
256,2021-08-02 00:00,19,245
257,2021-08-02 03:00,25,255
258,2021-08-02 06:00,22,240
259,2021-08-02 09:00,25,215
260,2021-08-02 12:00,29,240
261,2021-08-02 15:00,30,245
262,2021-08-02 18:00,27,250
263,2021-08-02 21:00,26,250
264,2021-08-03 00:00,24,245
265,2021-08-03 03:00,25,245
266,2021-08-03 06:00,28,245
267,2021-08-03 09:00,26,260
268,2021-08-03 12:00,21,260
269,2021-08-03 15:00,20,240
270,2021-08-03 18:00,25,240
271,2021-08-03 21:00,28,240
272,2021-08-04 00:00,24,240
273,2021-08-04 03:00,25,240
274,2021-08-04 06:00,24,230
275,2021-08-04 09:00,25,230
276,2021-08-04 12:00,23,250
277,2021-08-04 15:00,24,245
278,2021-08-04 18:00,28,245
279,2021-08-04 21:00,28,250
280,2021-08-05 00:00,25,245
281,2021-08-05 03:00,26,240
282,2021-08-05 06:00,22,220
283,2021-08-05 09:00,22,245
284,2021-08-05 12:00,22,245
285,2021-08-05 15:00,22,245
286,2021-08-05 18:00,26,245
287,2021-08-05 21:00,25,245
288,2021-08-06 00:00,21,230
289,2021-08-06 03:00,24,230
290,2021-08-06 06:00,19,225
291,2021-08-06 09:00,18,240
292,2021-08-06 12:00,12,240
293,2021-08-06 15:00,12,240
294,2021-08-06 18:00,23,245
295,2021-08-06 21:00,21,245
296,2021-08-07 00:00,18,245
297,2021-08-07 03:00,21,240
298,2021-08-07 06:00,19,240
299,2021-08-07 09:00,15,215
300,2021-08-07 12:00,15,205
301,2021-08-07 15:00,20,250
302,2021-08-07 18:00,22,255
303,2021-08-07 21:00,20,260
304,2021-08-08 00:00,14,265
305,2021-08-08 03:00,15,250
306,2021-08-08 06:00,17,240
307,2021-08-08 09:00,13,225
308,2021-08-08 12:00,13,190
309,2021-08-08 15:00,11,195
310,2021-08-08 18:00,20,240
311,2021-08-08 21:00,20,240
312,2021-08-09 00:00,15,250
313,2021-08-09 03:00,14,250
314,2021-08-09 06:00,14,240
315,2021-08-09 09:00,9,215
316,2021-08-09 12:00,15,185
317,2021-08-09 15:00,13,190
318,2021-08-09 18:00,18,240
319,2021-08-09 21:00,16,245
320,2021-08-10 00:00,13,245
321,2021-08-10 03:00,12,240
322,2021-08-10 06:00,12,225
323,2021-08-10 09:00,11,180
324,2021-08-10 12:00,14,170
325,2021-08-10 15:00,16,175
326,2021-08-10 18:00,17,200
327,2021-08-10 21:00,20,220
328,2021-08-11 00:00,15,215
329,2021-08-11 03:00,22,210
330,2021-08-11 06:00,23,200
331,2021-08-11 09:00,21,175
332,2021-08-11 12:00,19,170
333,2021-08-11 15:00,18,185
334,2021-08-11 18:00,18,190
335,2021-08-11 21:00,15,200
336,2021-08-12 00:00,14,220
337,2021-08-12 03:00,18,220
338,2021-08-12 06:00,22,215
339,2021-08-12 09:00,21,190
340,2021-08-12 12:00,16,180
341,2021-08-12 15:00,14,210
342,2021-08-12 18:00,19,235
343,2021-08-12 21:00,21,230
344,2021-08-13 00:00,24,225
345,2021-08-13 03:00,25,230
346,2021-08-13 06:00,22,225
347,2021-08-13 09:00,17,210
348,2021-08-13 12:00,18,205
349,2021-08-13 15:00,21,230
350,2021-08-13 18:00,21,230
351,2021-08-13 21:00,18,235
352,2021-08-14 00:00,16,215
353,2021-08-14 03:00,19,210
354,2021-08-14 06:00,22,225
355,2021-08-14 09:00,20,230
356,2021-08-14 12:00,17,220
357,2021-08-14 15:00,17,220
358,2021-08-14 18:00,17,230
359,2021-08-14 21:00,17,215
360,2021-08-15 00:00,17,205
361,2021-08-15 03:00,17,200
362,2021-08-15 06:00,19,190
363,2021-08-15 09:00,17,190
364,2021-08-15 12:00,16,185
365,2021-08-15 15:00,16,210
366,2021-08-15 18:00,18,215
367,2021-08-15 21:00,22,215
368,2021-08-16 00:00,16,210
369,2021-08-16 03:00,12,200
370,2021-08-16 06:00,12,200
371,2021-08-16 09:00,12,200
372,2021-08-16 12:00,10,190
373,2021-08-16 15:00,10,170
374,2021-08-16 18:00,7,185
375,2021-08-16 21:00,5,195
376,2021-08-17 00:00,2,215
377,2021-08-17 03:00,6,275
378,2021-08-17 06:00,8,250
379,2021-08-17 09:00,10,240
380,2021-08-17 12:00,7,210
381,2021-08-17 15:00,10,220
382,2021-08-17 18:00,9,215
383,2021-08-17 21:00,7,245
384,2021-08-18 00:00,2,300
385,2021-08-18 03:00,2,300
386,2021-08-18 06:00,2,300
387,2021-08-18 09:00,11,250
388,2021-08-18 12:00,9,230
389,2021-08-18 15:00,9,195
390,2021-08-18 18:00,9,200
391,2021-08-18 21:00,9,200
392,2021-08-19 00:00,5,220
393,2021-08-19 03:00,5,220
394,2021-08-19 06:00,8,200
395,2021-08-19 09:00,9,175
396,2021-08-19 12:00,11,180
397,2021-08-19 15:00,11,185
398,2021-08-19 18:00,10,185
399,2021-08-19 21:00,8,190
400,2021-08-20 00:00,5,185
401,2021-08-20 03:00,5,190
402,2021-08-20 06:00,6,225
403,2021-08-20 09:00,5,180
404,2021-08-20 12:00,8,150
405,2021-08-20 15:00,12,165
406,2021-08-20 18:00,13,180
407,2021-08-20 21:00,17,160
408,2021-08-21 00:00,14,160
409,2021-08-21 03:00,6,190
410,2021-08-21 06:00,12,190
411,2021-08-21 09:00,7,210
412,2021-08-21 12:00,9,180
413,2021-08-21 15:00,10,180
414,2021-08-21 18:00,8,185
415,2021-08-21 21:00,8,185
416,2021-08-22 00:00,10,190
417,2021-08-22 03:00,14,210
418,2021-08-22 06:00,15,210
419,2021-08-22 09:00,12,195
420,2021-08-22 12:00,16,185
421,2021-08-22 15:00,15,190
422,2021-08-22 18:00,15,190
423,2021-08-22 21:00,14,240
424,2021-08-23 00:00,10,250
425,2021-08-23 03:00,14,235
426,2021-08-23 06:00,16,230
427,2021-08-23 09:00,11,205
428,2021-08-23 12:00,15,190
429,2021-08-23 15:00,13,185
430,2021-08-23 18:00,17,260
431,2021-08-23 21:00,9,270
432,2021-08-24 00:00,6,255
433,2021-08-24 03:00,13,235
434,2021-08-24 06:00,15,235
435,2021-08-24 09:00,14,195
436,2021-08-24 12:00,16,200
437,2021-08-24 15:00,14,230
438,2021-08-24 18:00,14,230
439,2021-08-24 21:00,19,230
440,2021-08-25 00:00,16,240
441,2021-08-25 03:00,17,230
442,2021-08-25 06:00,20,230
443,2021-08-25 09:00,21,200
444,2021-08-25 12:00,26,220
445,2021-08-25 15:00,29,235
446,2021-08-25 18:00,24,245
447,2021-08-25 21:00,14,225
448,2021-08-26 00:00,10,195
449,2021-08-26 03:00,15,220
450,2021-08-26 06:00,19,225
451,2021-08-26 09:00,19,225
452,2021-08-26 12:00,22,220
453,2021-08-26 15:00,22,220
454,2021-08-26 18:00,22,220
455,2021-08-26 21:00,14,250
456,2021-08-27 00:00,12,225
457,2021-08-27 03:00,16,235
458,2021-08-27 06:00,14,250
459,2021-08-27 09:00,14,250
460,2021-08-27 12:00,13,165
461,2021-08-27 15:00,13,175
462,2021-08-27 18:00,14,200
463,2021-08-27 21:00,14,230
464,2021-08-28 00:00,13,225
465,2021-08-28 03:00,13,225
466,2021-08-28 06:00,17,205
467,2021-08-28 09:00,18,190
468,2021-08-28 12:00,18,180
469,2021-08-28 15:00,13,185
470,2021-08-28 18:00,12,185
471,2021-08-28 21:00,11,180
472,2021-08-29 00:00,8,165
473,2021-08-29 03:00,9,165
474,2021-08-29 06:00,9,165
475,2021-08-29 09:00,12,205
476,2021-08-29 12:00,14,205
477,2021-08-29 15:00,14,215
478,2021-08-29 18:00,12,210
479,2021-08-29 21:00,6,220
480,2021-08-30 00:00,1,250
481,2021-08-30 03:00,7,195
482,2021-08-30 06:00,8,220
483,2021-08-30 09:00,8,200
484,2021-08-30 12:00,6,150
485,2021-08-30 15:00,7,160
486,2021-08-30 18:00,9,185
487,2021-08-30 21:00,8,170
488,2021-08-31 00:00,9,155
489,2021-08-31 03:00,6,200
490,2021-08-31 06:00,8,220
491,2021-08-31 09:00,10,215
492,2021-08-31 12:00,6,215
493,2021-08-31 15:00,2,95
494,2021-08-31 18:00,9,30
495,2021-08-31 21:00,9,30
496,2021-09-01 00:00,6,40
497,2021-09-01 03:00,3,50
498,2021-09-01 06:00,5,200
499,2021-09-01 09:00,12,200
500,2021-09-01 12:00,10,195
501,2021-09-01 15:00,7,190
502,2021-09-01 18:00,7,190
503,2021-09-01 21:00,5,190
504,2021-09-02 00:00,3,230
505,2021-09-02 03:00,4,215
506,2021-09-02 06:00,9,220
507,2021-09-02 09:00,15,235
508,2021-09-02 12:00,21,225
509,2021-09-02 15:00,20,230
510,2021-09-02 18:00,20,240
511,2021-09-02 21:00,18,245
512,2021-09-03 00:00,19,245
513,2021-09-03 03:00,22,245
514,2021-09-03 06:00,25,235
515,2021-09-03 09:00,19,235
516,2021-09-03 12:00,22,250
517,2021-09-03 15:00,21,250
518,2021-09-03 18:00,21,250
519,2021-09-03 21:00,16,260
520,2021-09-04 00:00,15,260
521,2021-09-04 03:00,16,255
522,2021-09-04 06:00,23,250
523,2021-09-04 09:00,22,250
524,2021-09-04 12:00,22,245
525,2021-09-04 15:00,22,245
526,2021-09-04 18:00,19,260
527,2021-09-04 21:00,17,275
528,2021-09-05 00:00,15,265
529,2021-09-05 03:00,19,270
530,2021-09-05 06:00,24,270
531,2021-09-05 09:00,16,280
532,2021-09-05 12:00,7,300
533,2021-09-05 15:00,3,300
534,2021-09-05 18:00,3,270
535,2021-09-05 21:00,8,250
536,2021-09-06 00:00,8,285
537,2021-09-06 03:00,7,285
538,2021-09-06 06:00,13,260
539,2021-09-06 09:00,11,265
540,2021-09-06 12:00,8,235
541,2021-09-06 15:00,9,240
542,2021-09-06 18:00,7,280
543,2021-09-06 21:00,9,350
544,2021-09-07 00:00,11,350
545,2021-09-07 03:00,10,310
546,2021-09-07 06:00,20,275
547,2021-09-07 09:00,23,265
548,2021-09-07 12:00,23,265
549,2021-09-07 15:00,15,310
550,2021-09-07 18:00,20,315
551,2021-09-07 21:00,20,315
552,2021-09-08 00:00,21,315
553,2021-09-08 03:00,20,300
554,2021-09-08 06:00,20,300
555,2021-09-08 09:00,19,265
556,2021-09-08 12:00,13,255
557,2021-09-08 15:00,7,270
558,2021-09-08 18:00,15,270
559,2021-09-08 21:00,15,265
560,2021-09-09 00:00,12,250
561,2021-09-09 03:00,18,225
562,2021-09-09 06:00,21,220
563,2021-09-09 09:00,28,225
564,2021-09-09 12:00,29,225
565,2021-09-09 15:00,28,230
566,2021-09-09 18:00,28,235
567,2021-09-09 21:00,25,230
568,2021-09-10 00:00,24,230
569,2021-09-10 03:00,24,235
570,2021-09-10 06:00,24,235
571,2021-09-10 09:00,33,250
572,2021-09-10 12:00,26,255
573,2021-09-10 15:00,14,250
574,2021-09-10 18:00,12,240
575,2021-09-10 21:00,15,265
576,2021-09-11 00:00,22,265
577,2021-09-11 03:00,22,265
578,2021-09-11 06:00,29,265
579,2021-09-11 09:00,22,270
580,2021-09-11 12:00,24,270
581,2021-09-11 15:00,18,285
582,2021-09-11 18:00,17,270
583,2021-09-11 21:00,17,270
584,2021-09-12 00:00,14,310
585,2021-09-12 03:00,8,285
586,2021-09-12 06:00,20,260
587,2021-09-12 09:00,21,260
588,2021-09-12 12:00,17,260
589,2021-09-12 15:00,17,260
590,2021-09-12 18:00,23,260
591,2021-09-12 21:00,23,270
592,2021-09-13 00:00,22,270
593,2021-09-13 03:00,23,280
594,2021-09-13 06:00,23,265
595,2021-09-13 09:00,23,265
596,2021-09-13 12:00,20,245
597,2021-09-13 15:00,22,255
598,2021-09-13 18:00,26,255
599,2021-09-13 21:00,23,260
600,2021-09-14 00:00,17,250
601,2021-09-14 03:00,17,250
602,2021-09-14 06:00,19,250
603,2021-09-14 09:00,17,250
604,2021-09-14 12:00,19,235
605,2021-09-14 15:00,19,235
606,2021-09-14 18:00,16,265
607,2021-09-14 21:00,13,290
608,2021-09-15 00:00,12,310
609,2021-09-15 03:00,7,290
610,2021-09-15 06:00,21,230
611,2021-09-15 09:00,21,245
612,2021-09-15 12:00,12,235
613,2021-09-15 15:00,11,200
614,2021-09-15 18:00,13,200
615,2021-09-15 21:00,12,190
616,2021-09-16 00:00,14,190
617,2021-09-16 03:00,17,200
618,2021-09-16 06:00,13,210
619,2021-09-16 09:00,14,210
620,2021-09-16 12:00,15,195
621,2021-09-16 15:00,14,180
622,2021-09-16 18:00,14,190
623,2021-09-16 21:00,12,195
624,2021-09-17 00:00,12,190
625,2021-09-17 03:00,12,210
626,2021-09-17 06:00,15,220
627,2021-09-17 09:00,15,205
628,2021-09-17 12:00,12,180
629,2021-09-17 15:00,10,180
630,2021-09-17 18:00,7,190
631,2021-09-17 21:00,1,255
632,2021-09-18 00:00,2,5
633,2021-09-18 03:00,0,165
634,2021-09-18 06:00,9,220
635,2021-09-18 09:00,12,225
636,2021-09-18 12:00,9,215
637,2021-09-18 15:00,9,215
638,2021-09-18 18:00,9,235
639,2021-09-18 21:00,8,245
640,2021-09-19 00:00,5,265
641,2021-09-19 03:00,5,290
642,2021-09-19 06:00,4,220
643,2021-09-19 09:00,14,75
644,2021-09-19 12:00,11,80
645,2021-09-19 15:00,9,215
646,2021-09-19 18:00,5,240
647,2021-09-19 21:00,5,240
648,2021-09-20 00:00,6,295
649,2021-09-20 03:00,4,320
650,2021-09-20 06:00,6,235
651,2021-09-20 09:00,1,315
652,2021-09-20 12:00,3,145
653,2021-09-20 15:00,10,205
654,2021-09-20 18:00,9,230
655,2021-09-20 21:00,4,250
656,2021-09-21 00:00,3,135
657,2021-09-21 03:00,10,145
658,2021-09-21 06:00,13,155
659,2021-09-21 09:00,17,175
660,2021-09-21 12:00,16,180
661,2021-09-21 15:00,16,230
662,2021-09-21 18:00,14,230
663,2021-09-21 21:00,14,235
664,2021-09-22 00:00,13,230
665,2021-09-22 03:00,12,215
666,2021-09-22 06:00,19,235
667,2021-09-22 09:00,22,240
668,2021-09-22 12:00,24,235
669,2021-09-22 15:00,19,235
670,2021-09-22 18:00,18,245
671,2021-09-22 21:00,17,245
672,2021-09-23 00:00,14,220
673,2021-09-23 03:00,19,215
674,2021-09-23 06:00,16,235
675,2021-09-23 09:00,13,210
676,2021-09-23 12:00,13,195
677,2021-09-23 15:00,13,215
678,2021-09-23 18:00,20,255
679,2021-09-23 21:00,20,280
680,2021-09-24 00:00,17,280
681,2021-09-24 03:00,20,275
682,2021-09-24 06:00,17,270
683,2021-09-24 09:00,17,270
684,2021-09-24 12:00,13,280
685,2021-09-24 15:00,17,275
686,2021-09-24 18:00,21,255
687,2021-09-24 21:00,20,255
688,2021-09-25 00:00,19,240
689,2021-09-25 03:00,19,230
690,2021-09-25 06:00,13,230
691,2021-09-25 09:00,11,220
692,2021-09-25 12:00,15,220
693,2021-09-25 15:00,15,220
694,2021-09-25 18:00,10,185
695,2021-09-25 21:00,8,165
696,2021-09-26 00:00,8,110
697,2021-09-26 03:00,11,80
698,2021-09-26 06:00,4,70
699,2021-09-26 09:00,4,170
700,2021-09-26 12:00,6,140
701,2021-09-26 15:00,6,145
702,2021-09-26 18:00,6,165
703,2021-09-26 21:00,6,165
704,2021-09-27 00:00,6,120
705,2021-09-27 03:00,6,120
706,2021-09-27 06:00,6,120
707,2021-09-27 09:00,9,210
708,2021-09-27 12:00,5,195
709,2021-09-27 15:00,2,110
710,2021-09-27 18:00,2,65
711,2021-09-27 21:00,2,65
712,2021-09-28 00:00,2,65
713,2021-09-28 03:00,1,25
714,2021-09-28 06:00,5,230
715,2021-09-28 09:00,5,230
716,2021-09-28 12:00,2,290
717,2021-09-28 15:00,2,290
718,2021-09-28 18:00,4,330
719,2021-09-28 21:00,6,345
720,2021-09-29 00:00,7,20
721,2021-09-29 03:00,4,55
722,2021-09-29 06:00,4,205
723,2021-09-29 09:00,4,205
724,2021-09-29 12:00,7,240
725,2021-09-29 15:00,8,190
726,2021-09-29 18:00,8,195
727,2021-09-29 21:00,9,185
728,2021-09-30 00:00,6,200
729,2021-09-30 03:00,7,205
730,2021-09-30 06:00,10,220
731,2021-09-30 09:00,9,215
732,2021-09-30 12:00,7,175
733,2021-09-30 15:00,9,170
734,2021-09-30 18:00,8,190
735,2021-09-30 21:00,8,180
736,2021-10-01 00:00,7,165
737,2021-10-01 03:00,7,195
738,2021-10-01 06:00,10,215
739,2021-10-01 09:00,12,200
740,2021-10-01 12:00,11,175
741,2021-10-01 15:00,12,180
742,2021-10-01 18:00,12,195
743,2021-10-01 21:00,10,195
744,2021-10-02 00:00,9,180
745,2021-10-02 03:00,13,150
746,2021-10-02 06:00,10,195
747,2021-10-02 09:00,18,185
748,2021-10-02 12:00,14,200
749,2021-10-02 15:00,6,190
750,2021-10-02 18:00,4,170
751,2021-10-02 21:00,4,105
752,2021-10-03 00:00,6,125
753,2021-10-03 03:00,3,125
754,2021-10-03 06:00,5,205
755,2021-10-03 09:00,7,235
756,2021-10-03 12:00,3,200
757,2021-10-03 15:00,4,210
758,2021-10-03 18:00,3,305
759,2021-10-03 21:00,6,355
760,2021-10-04 00:00,8,10
761,2021-10-04 03:00,8,10
762,2021-10-04 06:00,8,10
763,2021-10-04 09:00,12,280
764,2021-10-04 12:00,7,295
765,2021-10-04 15:00,7,5
766,2021-10-04 18:00,6,355
767,2021-10-04 21:00,5,15
768,2021-10-05 00:00,9,340
769,2021-10-05 03:00,10,330
770,2021-10-05 06:00,10,330
771,2021-10-05 09:00,9,325
772,2021-10-05 12:00,7,340
773,2021-10-05 15:00,11,345
774,2021-10-05 18:00,8,10
775,2021-10-05 21:00,0,265
776,2021-10-06 00:00,0,265
777,2021-10-06 03:00,12,345
778,2021-10-06 06:00,12,345
779,2021-10-06 09:00,6,310
780,2021-10-06 12:00,2,225
781,2021-10-06 15:00,9,165
782,2021-10-06 18:00,6,265
783,2021-10-06 21:00,9,320
784,2021-10-07 00:00,9,350
785,2021-10-07 03:00,6,360
786,2021-10-07 06:00,6,70
787,2021-10-07 09:00,11,100
788,2021-10-07 12:00,12,155
789,2021-10-07 15:00,8,170
790,2021-10-07 18:00,4,230
791,2021-10-07 21:00,1,170
792,2021-10-08 00:00,4,170
793,2021-10-08 03:00,8,155
794,2021-10-08 06:00,10,195
795,2021-10-08 09:00,11,195
796,2021-10-08 12:00,12,190
797,2021-10-08 15:00,14,210
798,2021-10-08 18:00,14,230
799,2021-10-08 21:00,18,220
800,2021-10-09 00:00,18,230
801,2021-10-09 03:00,22,230
802,2021-10-09 06:00,31,225
803,2021-10-09 09:00,30,250
804,2021-10-09 12:00,26,255
805,2021-10-09 15:00,21,245
806,2021-10-09 18:00,23,235
807,2021-10-09 21:00,28,250
808,2021-10-10 00:00,26,255
809,2021-10-10 03:00,24,245
810,2021-10-10 06:00,24,240
811,2021-10-10 09:00,23,235
812,2021-10-10 12:00,23,230
813,2021-10-10 15:00,22,235
814,2021-10-10 18:00,23,245
815,2021-10-10 21:00,24,245
816,2021-10-11 00:00,21,235
817,2021-10-11 03:00,24,235
818,2021-10-11 06:00,24,235
819,2021-10-11 09:00,25,235
820,2021-10-11 12:00,26,240
821,2021-10-11 15:00,23,240
822,2021-10-11 18:00,23,240
823,2021-10-11 21:00,21,245
824,2021-10-12 00:00,21,240
825,2021-10-12 03:00,26,250
826,2021-10-12 06:00,23,230
827,2021-10-12 09:00,24,215
828,2021-10-12 12:00,26,235
829,2021-10-12 15:00,29,240
830,2021-10-12 18:00,29,240
831,2021-10-12 21:00,27,245
832,2021-10-13 00:00,23,245
833,2021-10-13 03:00,20,255
834,2021-10-13 06:00,21,245
835,2021-10-13 09:00,21,225
836,2021-10-13 12:00,20,225
837,2021-10-13 15:00,25,250
838,2021-10-13 18:00,24,250
839,2021-10-13 21:00,24,245
840,2021-10-14 00:00,25,240
841,2021-10-14 03:00,25,240
842,2021-10-14 06:00,25,240
843,2021-10-14 09:00,29,240
844,2021-10-14 12:00,25,235
845,2021-10-14 15:00,23,230
846,2021-10-14 18:00,24,240
847,2021-10-14 21:00,22,235
848,2021-10-15 00:00,21,235
849,2021-10-15 03:00,24,230
850,2021-10-15 06:00,26,225
851,2021-10-15 09:00,21,225
852,2021-10-15 12:00,17,235
853,2021-10-15 15:00,15,245
854,2021-10-15 18:00,12,240
855,2021-10-15 21:00,10,235
856,2021-10-16 00:00,10,235
857,2021-10-16 03:00,13,175
858,2021-10-16 06:00,16,200
859,2021-10-16 09:00,16,195
860,2021-10-16 12:00,14,180
861,2021-10-16 15:00,11,215
862,2021-10-16 18:00,10,245
863,2021-10-16 21:00,5,280
864,2021-10-17 00:00,10,355
865,2021-10-17 03:00,16,40
866,2021-10-17 06:00,18,35
867,2021-10-17 09:00,22,20
868,2021-10-17 12:00,21,10
869,2021-10-17 15:00,17,5
870,2021-10-17 18:00,17,355
871,2021-10-17 21:00,21,350
872,2021-10-18 00:00,16,355
873,2021-10-18 03:00,14,40
874,2021-10-18 06:00,7,55
875,2021-10-18 09:00,2,350
876,2021-10-18 12:00,7,325
877,2021-10-18 15:00,6,0
878,2021-10-18 18:00,5,55
879,2021-10-18 21:00,5,30
880,2021-10-19 00:00,10,35
881,2021-10-19 03:00,6,70
882,2021-10-19 06:00,5,170
883,2021-10-19 09:00,7,210
884,2021-10-19 12:00,3,225
885,2021-10-19 15:00,2,135
886,2021-10-19 18:00,0,75
887,2021-10-19 21:00,3,10
888,2021-10-20 00:00,7,350
889,2021-10-20 03:00,7,320
890,2021-10-20 06:00,9,290
891,2021-10-20 09:00,8,295
892,2021-10-20 12:00,3,220
893,2021-10-20 15:00,4,165
894,2021-10-20 18:00,5,170
895,2021-10-20 21:00,7,170
896,2021-10-21 00:00,10,145
897,2021-10-21 03:00,6,260
898,2021-10-21 06:00,12,245
899,2021-10-21 09:00,13,230
900,2021-10-21 12:00,3,165
901,2021-10-21 15:00,4,100
902,2021-10-21 18:00,4,125
903,2021-10-21 21:00,3,65
904,2021-10-22 00:00,8,55
905,2021-10-22 03:00,8,60
906,2021-10-22 06:00,2,160
907,2021-10-22 09:00,6,220
908,2021-10-22 12:00,5,210
909,2021-10-22 15:00,2,125
910,2021-10-22 18:00,4,55
911,2021-10-22 21:00,4,55
912,2021-10-23 00:00,4,55
913,2021-10-23 03:00,13,95
914,2021-10-23 06:00,13,75
915,2021-10-23 09:00,13,55
916,2021-10-23 12:00,10,35
917,2021-10-23 15:00,10,30
918,2021-10-23 18:00,14,25
919,2021-10-23 21:00,14,30
920,2021-10-24 00:00,15,35
921,2021-10-24 03:00,14,50
922,2021-10-24 06:00,10,55
923,2021-10-24 09:00,13,60
924,2021-10-24 12:00,19,40
925,2021-10-24 15:00,21,35
926,2021-10-24 18:00,20,35
927,2021-10-24 21:00,18,45
928,2021-10-25 00:00,16,30
929,2021-10-25 03:00,14,45
930,2021-10-25 06:00,7,65
931,2021-10-25 09:00,2,295
932,2021-10-25 12:00,13,30
933,2021-10-25 15:00,18,40
934,2021-10-25 18:00,15,50
935,2021-10-25 21:00,13,30
936,2021-10-26 00:00,15,25
937,2021-10-26 03:00,16,40
938,2021-10-26 06:00,10,60
939,2021-10-26 09:00,1,20
940,2021-10-26 12:00,11,15
941,2021-10-26 15:00,15,25
942,2021-10-26 18:00,18,20
943,2021-10-26 21:00,17,25
944,2021-10-27 00:00,15,20
945,2021-10-27 03:00,19,10
946,2021-10-27 06:00,14,15
947,2021-10-27 09:00,12,40
948,2021-10-27 12:00,19,20
949,2021-10-27 15:00,21,25
950,2021-10-27 18:00,17,45
951,2021-10-27 21:00,16,50
952,2021-10-28 00:00,20,45
953,2021-10-28 03:00,21,25
954,2021-10-28 06:00,18,30
955,2021-10-28 09:00,12,55
956,2021-10-28 12:00,12,60
957,2021-10-28 15:00,11,60
958,2021-10-28 18:00,10,85
959,2021-10-28 21:00,10,85
960,2021-10-29 00:00,8,75
961,2021-10-29 03:00,10,100
962,2021-10-29 06:00,10,140
963,2021-10-29 09:00,9,205
964,2021-10-29 12:00,6,225
965,2021-10-29 15:00,3,280
966,2021-10-29 18:00,1,280
967,2021-10-29 21:00,2,110
968,2021-10-30 00:00,7,5
969,2021-10-30 03:00,12,30
970,2021-10-30 06:00,1,350
971,2021-10-30 09:00,3,175
972,2021-10-30 12:00,4,145
973,2021-10-30 15:00,2,110
974,2021-10-30 18:00,5,50
975,2021-10-30 21:00,6,20
976,2021-10-31 00:00,10,40
977,2021-10-31 03:00,8,90
978,2021-10-31 06:00,7,175
979,2021-10-31 09:00,9,205
980,2021-10-31 12:00,7,200
981,2021-10-31 15:00,6,185
982,2021-10-31 18:00,6,185
983,2021-10-31 21:00,5,325
984,2021-11-01 00:00,9,20
985,2021-11-01 03:00,8,45
986,2021-11-01 06:00,4,180
987,2021-11-01 09:00,5,230
988,2021-11-01 12:00,3,260
989,2021-11-01 15:00,2,320
990,2021-11-01 18:00,1,325
991,2021-11-01 21:00,12,65
992,2021-11-02 00:00,13,55
993,2021-11-02 03:00,13,75
994,2021-11-02 06:00,10,125
995,2021-11-02 09:00,9,210
996,2021-11-02 12:00,7,260
997,2021-11-02 15:00,3,280
998,2021-11-02 18:00,5,350
999,2021-11-02 21:00,10,25
1000,2021-11-03 00:00,8,25
1001,2021-11-03 03:00,10,45
1002,2021-11-03 06:00,6,105
1003,2021-11-03 09:00,2,60
1004,2021-11-03 12:00,4,280
1005,2021-11-03 15:00,4,10
1006,2021-11-03 18:00,9,45
1007,2021-11-03 21:00,10,40
1008,2021-11-04 00:00,8,25
1009,2021-11-04 03:00,8,55
1010,2021-11-04 06:00,1,125
1011,2021-11-04 09:00,5,265
1012,2021-11-04 12:00,4,290
1013,2021-11-04 15:00,3,150
1014,2021-11-04 18:00,2,125
1015,2021-11-04 21:00,3,65
1016,2021-11-05 00:00,6,55
1017,2021-11-05 03:00,5,85
1018,2021-11-05 06:00,5,175
1019,2021-11-05 09:00,11,235
1020,2021-11-05 12:00,8,240
1021,2021-11-05 15:00,7,230
1022,2021-11-05 18:00,4,295
1023,2021-11-05 21:00,5,355
1024,2021-11-06 00:00,5,25
1025,2021-11-06 03:00,2,35
1026,2021-11-06 06:00,8,250
1027,2021-11-06 09:00,7,215
1028,2021-11-06 12:00,4,200
1029,2021-11-06 15:00,3,165
1030,2021-11-06 18:00,4,130
1031,2021-11-06 21:00,3,45
1032,2021-11-07 00:00,5,60
1033,2021-11-07 03:00,4,85
1034,2021-11-07 06:00,7,185
1035,2021-11-07 09:00,6,200
1036,2021-11-07 12:00,4,100
1037,2021-11-07 15:00,6,135
1038,2021-11-07 18:00,3,245
1039,2021-11-07 21:00,7,10
1040,2021-11-08 00:00,8,30
1041,2021-11-08 03:00,11,55
1042,2021-11-08 06:00,7,80
1043,2021-11-08 09:00,11,90
1044,2021-11-08 12:00,16,75
1045,2021-11-08 15:00,19,65
1046,2021-11-08 18:00,17,55
1047,2021-11-08 21:00,17,55
1048,2021-11-09 00:00,16,45
1049,2021-11-09 03:00,20,55
1050,2021-11-09 06:00,17,60
1051,2021-11-09 09:00,10,60
1052,2021-11-09 12:00,16,40
1053,2021-11-09 15:00,21,40
1054,2021-11-09 18:00,22,50
1055,2021-11-09 21:00,20,35
1056,2021-11-10 00:00,19,35
1057,2021-11-10 03:00,25,35
1058,2021-11-10 06:00,18,50
1059,2021-11-10 09:00,14,80
1060,2021-11-10 12:00,13,35
1061,2021-11-10 15:00,19,40
1062,2021-11-10 18:00,15,35
1063,2021-11-10 21:00,14,30
1064,2021-11-11 00:00,19,30
1065,2021-11-11 03:00,21,25
1066,2021-11-11 06:00,15,35
1067,2021-11-11 09:00,12,95
1068,2021-11-11 12:00,18,75
1069,2021-11-11 15:00,18,60
1070,2021-11-11 18:00,17,60
1071,2021-11-11 21:00,13,30
1072,2021-11-12 00:00,20,30
1073,2021-11-12 03:00,25,35
1074,2021-11-12 06:00,22,40
1075,2021-11-12 09:00,21,35
1076,2021-11-12 12:00,21,30
1077,2021-11-12 15:00,17,20
1078,2021-11-12 18:00,20,35
1079,2021-11-12 21:00,20,25
1080,2021-11-13 00:00,21,40
1081,2021-11-13 03:00,23,45
1082,2021-11-13 06:00,22,60
1083,2021-11-13 09:00,23,40
1084,2021-11-13 12:00,22,35
1085,2021-11-13 15:00,20,40
1086,2021-11-13 18:00,20,50
1087,2021-11-13 21:00,10,70
1088,2021-11-14 00:00,13,35
1089,2021-11-14 03:00,20,65
1090,2021-11-14 06:00,20,90
1091,2021-11-14 09:00,10,115
1092,2021-11-14 12:00,7,70
1093,2021-11-14 15:00,18,40
1094,2021-11-14 18:00,15,35
1095,2021-11-14 21:00,14,40
1096,2021-11-15 00:00,12,50
1097,2021-11-15 03:00,13,75
1098,2021-11-15 06:00,10,90
1099,2021-11-15 09:00,3,40
1100,2021-11-15 12:00,8,20
1101,2021-11-15 15:00,10,40
1102,2021-11-15 18:00,10,55
1103,2021-11-15 21:00,8,35
1104,2021-11-16 00:00,13,45
1105,2021-11-16 03:00,14,60
1106,2021-11-16 06:00,10,95
1107,2021-11-16 09:00,6,95
1108,2021-11-16 12:00,5,100
1109,2021-11-16 15:00,11,75
1110,2021-11-16 18:00,10,55
1111,2021-11-16 21:00,12,45
1112,2021-11-17 00:00,13,25
1113,2021-11-17 03:00,17,50
1114,2021-11-17 06:00,6,95
1115,2021-11-17 09:00,1,275
1116,2021-11-17 12:00,4,0
1117,2021-11-17 15:00,14,45
1118,2021-11-17 18:00,12,60
1119,2021-11-17 21:00,12,40
1120,2021-11-18 00:00,16,35
1121,2021-11-18 03:00,19,55
1122,2021-11-18 06:00,13,75
1123,2021-11-18 09:00,10,35
1124,2021-11-18 12:00,9,95
1125,2021-11-18 15:00,9,105
1126,2021-11-18 18:00,7,80
1127,2021-11-18 21:00,8,110
1128,2021-11-19 00:00,10,40
1129,2021-11-19 03:00,11,45
1130,2021-11-19 06:00,2,145
1131,2021-11-19 09:00,8,245
1132,2021-11-19 12:00,6,250
1133,2021-11-19 15:00,4,225
1134,2021-11-19 18:00,3,230
1135,2021-11-19 21:00,3,265
1136,2021-11-20 00:00,3,30
1137,2021-11-20 03:00,3,30
1138,2021-11-20 06:00,5,205
1139,2021-11-20 09:00,5,205
1140,2021-11-20 12:00,3,175
1141,2021-11-20 15:00,5,125
1142,2021-11-20 18:00,5,135
1143,2021-11-20 21:00,4,150
1144,2021-11-21 00:00,2,10
1145,2021-11-21 03:00,1,185
1146,2021-11-21 06:00,1,185
1147,2021-11-21 09:00,7,275
1148,2021-11-21 12:00,4,285
1149,2021-11-21 15:00,2,270
1150,2021-11-21 18:00,3,30
1151,2021-11-21 21:00,8,30
1152,2021-11-22 00:00,11,25
1153,2021-11-22 03:00,13,55
1154,2021-11-22 06:00,7,100
1155,2021-11-22 09:00,3,245
1156,2021-11-22 12:00,2,220
1157,2021-11-22 15:00,14,105
1158,2021-11-22 18:00,22,105
1159,2021-11-22 21:00,12,80
1160,2021-11-23 00:00,13,50
1161,2021-11-23 03:00,20,65
1162,2021-11-23 06:00,17,75
1163,2021-11-23 09:00,20,20
1164,2021-11-23 12:00,22,25
1165,2021-11-23 15:00,21,30
1166,2021-11-23 18:00,20,30
1167,2021-11-23 21:00,21,35
1168,2021-11-24 00:00,21,40
1169,2021-11-24 03:00,22,50
1170,2021-11-24 06:00,23,65
1171,2021-11-24 09:00,20,70
1172,2021-11-24 12:00,18,40
1173,2021-11-24 15:00,19,35
1174,2021-11-24 18:00,19,30
1175,2021-11-24 21:00,20,30
1176,2021-11-25 00:00,20,30
1177,2021-11-25 03:00,17,45
1178,2021-11-25 06:00,13,60
1179,2021-11-25 09:00,4,80
1180,2021-11-25 12:00,4,5
1181,2021-11-25 15:00,9,40
1182,2021-11-25 18:00,17,20
1183,2021-11-25 21:00,20,25
1184,2021-11-26 00:00,18,30
1185,2021-11-26 03:00,21,35
1186,2021-11-26 06:00,19,35
1187,2021-11-26 09:00,19,35
1188,2021-11-26 12:00,19,30
1189,2021-11-26 15:00,20,30
1190,2021-11-26 18:00,17,30
1191,2021-11-26 21:00,17,25
1192,2021-11-27 00:00,18,25
1193,2021-11-27 03:00,19,40
1194,2021-11-27 06:00,21,25
1195,2021-11-27 09:00,24,35
1196,2021-11-27 12:00,24,25
1197,2021-11-27 15:00,22,20
1198,2021-11-27 18:00,26,25
1199,2021-11-27 21:00,22,15
1200,2021-11-28 00:00,24,25
1201,2021-11-28 03:00,29,35
1202,2021-11-28 06:00,27,40
1203,2021-11-28 09:00,24,30
1204,2021-11-28 12:00,23,35
1205,2021-11-28 15:00,21,20
1206,2021-11-28 18:00,26,20
1207,2021-11-28 21:00,26,20
1208,2021-11-29 00:00,23,20
1209,2021-11-29 03:00,30,35
1210,2021-11-29 06:00,27,40
1211,2021-11-29 09:00,23,45
1212,2021-11-29 12:00,28,40
1213,2021-11-29 15:00,22,40
1214,2021-11-29 18:00,25,35
1215,2021-11-29 21:00,25,35
1216,2021-11-30 00:00,25,35
1217,2021-11-30 03:00,26,40
1218,2021-11-30 06:00,28,40
1219,2021-11-30 09:00,29,40
1220,2021-11-30 12:00,30,35
1221,2021-11-30 15:00,27,45
1222,2021-11-30 18:00,27,45
1223,2021-11-30 21:00,29,45
1224,2021-12-01 00:00,27,45
1225,2021-12-01 03:00,30,55
1226,2021-12-01 06:00,29,60
1227,2021-12-01 09:00,22,55
1228,2021-12-01 12:00,25,50
1229,2021-12-01 15:00,22,45
1230,2021-12-01 18:00,21,45
1231,2021-12-01 21:00,21,35
1232,2021-12-02 00:00,21,35
1233,2021-12-02 03:00,21,35
1234,2021-12-02 06:00,14,55
1235,2021-12-02 09:00,13,65
1236,2021-12-02 12:00,19,40
1237,2021-12-02 15:00,19,40
1238,2021-12-02 18:00,19,30
1239,2021-12-02 21:00,23,30
1240,2021-12-03 00:00,25,30
1241,2021-12-03 03:00,25,30
1242,2021-12-03 06:00,20,45
1243,2021-12-03 09:00,16,40
1244,2021-12-03 12:00,21,30
1245,2021-12-03 15:00,19,35
1246,2021-12-03 18:00,17,30
1247,2021-12-03 21:00,23,40
1248,2021-12-04 00:00,23,35
1249,2021-12-04 03:00,27,35
1250,2021-12-04 06:00,26,30
1251,2021-12-04 09:00,24,35
1252,2021-12-04 12:00,21,30
1253,2021-12-04 15:00,20,35
1254,2021-12-04 18:00,21,25
1255,2021-12-04 21:00,21,25
1256,2021-12-05 00:00,24,30
1257,2021-12-05 03:00,24,30
1258,2021-12-05 06:00,15,45
1259,2021-12-05 09:00,9,45
1260,2021-12-05 12:00,14,40
1261,2021-12-05 15:00,16,35
1262,2021-12-05 18:00,15,30
1263,2021-12-05 21:00,19,35
1264,2021-12-06 00:00,18,40
1265,2021-12-06 03:00,18,30
1266,2021-12-06 06:00,14,40
1267,2021-12-06 09:00,14,65
1268,2021-12-06 12:00,18,40
1269,2021-12-06 15:00,19,45
1270,2021-12-06 18:00,14,35
1271,2021-12-06 21:00,18,35
1272,2021-12-07 00:00,16,30
1273,2021-12-07 03:00,17,30
1274,2021-12-07 06:00,12,25
1275,2021-12-07 09:00,7,0
1276,2021-12-07 12:00,7,0
1277,2021-12-07 15:00,20,30
1278,2021-12-07 18:00,19,30
1279,2021-12-07 21:00,19,35
1280,2021-12-08 00:00,18,30
1281,2021-12-08 03:00,18,35
1282,2021-12-08 06:00,14,35
1283,2021-12-08 09:00,9,20
1284,2021-12-08 12:00,17,30
1285,2021-12-08 15:00,16,35
1286,2021-12-08 18:00,16,35
1287,2021-12-08 21:00,14,30
1288,2021-12-09 00:00,16,25
1289,2021-12-09 03:00,18,50
1290,2021-12-09 06:00,9,75
1291,2021-12-09 09:00,3,335
1292,2021-12-09 12:00,11,25
1293,2021-12-09 15:00,17,45
1294,2021-12-09 18:00,15,25
1295,2021-12-09 21:00,17,30
1296,2021-12-10 00:00,15,35
1297,2021-12-10 03:00,17,35
1298,2021-12-10 06:00,7,55
1299,2021-12-10 09:00,4,350
1300,2021-12-10 12:00,8,5
1301,2021-12-10 15:00,11,35
1302,2021-12-10 18:00,10,15
1303,2021-12-10 21:00,14,15
1304,2021-12-11 00:00,14,35
1305,2021-12-11 03:00,16,40
1306,2021-12-11 06:00,9,60
1307,2021-12-11 09:00,4,130
1308,2021-12-11 12:00,10,35
1309,2021-12-11 15:00,18,40
1310,2021-12-11 18:00,13,30
1311,2021-12-11 21:00,14,25
1312,2021-12-12 00:00,19,25
1313,2021-12-12 03:00,21,40
1314,2021-12-12 06:00,10,65
1315,2021-12-12 09:00,4,95
1316,2021-12-12 12:00,10,30
1317,2021-12-12 15:00,13,35
1318,2021-12-12 18:00,24,25
1319,2021-12-12 21:00,24,40
1320,2021-12-13 00:00,25,50
1321,2021-12-13 03:00,22,45
1322,2021-12-13 06:00,17,55
1323,2021-12-13 09:00,14,50
1324,2021-12-13 12:00,18,45
1325,2021-12-13 15:00,15,35
1326,2021-12-13 18:00,18,30
1327,2021-12-13 21:00,19,25
1328,2021-12-14 00:00,18,30
1329,2021-12-14 03:00,19,35
1330,2021-12-14 06:00,12,40
1331,2021-12-14 09:00,8,30
1332,2021-12-14 12:00,13,30
1333,2021-12-14 15:00,13,25
1334,2021-12-14 18:00,14,10
1335,2021-12-14 21:00,15,25
1336,2021-12-15 00:00,16,15
1337,2021-12-15 03:00,16,10
1338,2021-12-15 06:00,8,340
1339,2021-12-15 09:00,10,300
1340,2021-12-15 12:00,8,320
1341,2021-12-15 15:00,10,10
1342,2021-12-15 18:00,10,5
1343,2021-12-15 21:00,10,5
1344,2021-12-16 00:00,11,10
1345,2021-12-16 03:00,11,5
1346,2021-12-16 06:00,8,295
1347,2021-12-16 09:00,14,285
1348,2021-12-16 12:00,12,295
1349,2021-12-16 15:00,11,15
1350,2021-12-16 18:00,10,10
1351,2021-12-16 21:00,13,5
1352,2021-12-17 00:00,13,15
1353,2021-12-17 03:00,15,35
1354,2021-12-17 06:00,9,90
1355,2021-12-17 09:00,4,90
1356,2021-12-17 12:00,4,320
1357,2021-12-17 15:00,7,360
1358,2021-12-17 18:00,15,35
1359,2021-12-17 21:00,25,45
1360,2021-12-18 00:00,26,45
1361,2021-12-18 03:00,24,50
1362,2021-12-18 06:00,16,60
1363,2021-12-18 09:00,16,55
1364,2021-12-18 12:00,20,40
1365,2021-12-18 15:00,23,45
1366,2021-12-18 18:00,31,40
1367,2021-12-18 21:00,31,40
1368,2021-12-19 00:00,31,40
1369,2021-12-19 03:00,30,45
1370,2021-12-19 06:00,25,40
1371,2021-12-19 09:00,21,30
1372,2021-12-19 12:00,22,30
1373,2021-12-19 15:00,22,30
1374,2021-12-19 18:00,23,30
1375,2021-12-19 21:00,23,30
1376,2021-12-20 00:00,21,30
1377,2021-12-20 03:00,21,20
1378,2021-12-20 06:00,14,10
1379,2021-12-20 09:00,8,305
1380,2021-12-20 12:00,7,320
1381,2021-12-20 15:00,10,15
1382,2021-12-20 18:00,10,15
1383,2021-12-20 21:00,9,10
1384,2021-12-21 00:00,11,25
1385,2021-12-21 03:00,10,35
1386,2021-12-21 06:00,3,240
1387,2021-12-21 09:00,10,260
1388,2021-12-21 12:00,8,275
1389,2021-12-21 15:00,5,325
1390,2021-12-21 18:00,3,325
1391,2021-12-21 21:00,8,345
1392,2021-12-22 00:00,11,360
1393,2021-12-22 03:00,8,25
1394,2021-12-22 06:00,2,10
1395,2021-12-22 09:00,5,240
1396,2021-12-22 12:00,3,205
1397,2021-12-22 15:00,6,140
1398,2021-12-22 18:00,1,110
1399,2021-12-22 21:00,7,310
1400,2021-12-23 00:00,6,345
1401,2021-12-23 03:00,5,25
1402,2021-12-23 06:00,9,235
1403,2021-12-23 09:00,11,225
1404,2021-12-23 12:00,10,165
1405,2021-12-23 15:00,10,150
1406,2021-12-23 18:00,4,150
1407,2021-12-23 21:00,5,5
1408,2021-12-24 00:00,5,25
1409,2021-12-24 03:00,4,85
1410,2021-12-24 06:00,7,225
1411,2021-12-24 09:00,9,240
1412,2021-12-24 12:00,6,225
1413,2021-12-24 15:00,5,155
1414,2021-12-24 18:00,3,110
1415,2021-12-24 21:00,5,20
1416,2021-12-25 00:00,7,25
1417,2021-12-25 03:00,7,65
1418,2021-12-25 06:00,5,175
1419,2021-12-25 09:00,9,220
1420,2021-12-25 12:00,9,220
1421,2021-12-25 15:00,3,215
1422,2021-12-25 18:00,2,130
1423,2021-12-25 21:00,4,25
1424,2021-12-26 00:00,8,25
1425,2021-12-26 03:00,12,45
1426,2021-12-26 06:00,5,85
1427,2021-12-26 09:00,5,130
1428,2021-12-26 12:00,4,80
1429,2021-12-26 15:00,8,50
1430,2021-12-26 18:00,7,20
1431,2021-12-26 21:00,11,5
1432,2021-12-27 00:00,16,35
1433,2021-12-27 03:00,20,55
1434,2021-12-27 06:00,14,85
1435,2021-12-27 09:00,7,65
1436,2021-12-27 12:00,7,20
1437,2021-12-27 15:00,11,30
1438,2021-12-27 18:00,16,25
1439,2021-12-27 21:00,22,40
1440,2021-12-28 00:00,23,45
1441,2021-12-28 03:00,24,50
1442,2021-12-28 06:00,18,70
1443,2021-12-28 09:00,13,70
1444,2021-12-28 12:00,19,55
1445,2021-12-28 15:00,20,35
1446,2021-12-28 18:00,20,35
1447,2021-12-28 21:00,20,50
1448,2021-12-29 00:00,20,45
1449,2021-12-29 03:00,27,65
1450,2021-12-29 06:00,21,80
1451,2021-12-29 09:00,17,80
1452,2021-12-29 12:00,19,60
1453,2021-12-29 15:00,12,25
1454,2021-12-29 18:00,13,20
1455,2021-12-29 21:00,19,45
1456,2021-12-30 00:00,20,50
1457,2021-12-30 03:00,20,55
1458,2021-12-30 06:00,16,75
1459,2021-12-30 09:00,16,70
1460,2021-12-30 12:00,18,60
1461,2021-12-30 15:00,15,30
1462,2021-12-30 18:00,21,30
1463,2021-12-30 21:00,22,55
1464,2021-12-31 00:00,21,45
1465,2021-12-31 03:00,20,45
1466,2021-12-31 06:00,14,65
1467,2021-12-31 09:00,6,80
1468,2021-12-31 12:00,11,30
1469,2021-12-31 15:00,19,40
1470,2021-12-31 18:00,22,30
1471,2021-12-31 21:00,21,35
1472,2022-01-01 00:00,21,40
1473,2022-01-01 03:00,15,40
1474,2022-01-01 06:00,7,55
1475,2022-01-01 09:00,2,120
1476,2022-01-01 12:00,8,60
1477,2022-01-01 15:00,13,50
1478,2022-01-01 18:00,16,25
1479,2022-01-01 21:00,16,25
1480,2022-01-02 00:00,16,25
1481,2022-01-02 03:00,16,25
1482,2022-01-02 06:00,10,70
1483,2022-01-02 09:00,7,105
1484,2022-01-02 12:00,8,50
1485,2022-01-02 15:00,13,50
1486,2022-01-02 18:00,13,15
1487,2022-01-02 21:00,20,30
1488,2022-01-03 00:00,18,35
1489,2022-01-03 03:00,17,50
1490,2022-01-03 06:00,4,55
1491,2022-01-03 09:00,6,305
1492,2022-01-03 12:00,6,300
1493,2022-01-03 15:00,9,25
1494,2022-01-03 18:00,15,30
1495,2022-01-03 21:00,15,25
1496,2022-01-04 00:00,17,30
1497,2022-01-04 03:00,16,50
1498,2022-01-04 06:00,4,130
1499,2022-01-04 09:00,11,280
1500,2022-01-04 12:00,10,290
1501,2022-01-04 15:00,5,45
1502,2022-01-04 18:00,8,25
1503,2022-01-04 21:00,11,35
1504,2022-01-05 00:00,10,20
1505,2022-01-05 03:00,13,10
1506,2022-01-05 06:00,2,230
1507,2022-01-05 09:00,9,250
1508,2022-01-05 12:00,8,265
1509,2022-01-05 15:00,4,340
1510,2022-01-05 18:00,4,340
1511,2022-01-05 21:00,9,70
1512,2022-01-06 00:00,8,35
1513,2022-01-06 03:00,9,15
1514,2022-01-06 06:00,4,165
1515,2022-01-06 09:00,7,240
1516,2022-01-06 12:00,6,245
1517,2022-01-06 15:00,6,200
1518,2022-01-06 18:00,5,150
1519,2022-01-06 21:00,4,95
1520,2022-01-07 00:00,7,80
1521,2022-01-07 03:00,8,75
1522,2022-01-07 06:00,5,215
1523,2022-01-07 09:00,13,245
1524,2022-01-07 12:00,12,260
1525,2022-01-07 15:00,5,300
1526,2022-01-07 18:00,5,345
1527,2022-01-07 21:00,10,30
1528,2022-01-08 00:00,10,45
1529,2022-01-08 03:00,10,60
1530,2022-01-08 06:00,3,140
1531,2022-01-08 09:00,10,250
1532,2022-01-08 12:00,11,250
1533,2022-01-08 15:00,9,250
1534,2022-01-08 18:00,4,285
1535,2022-01-08 21:00,2,350
1536,2022-01-09 00:00,6,50
1537,2022-01-09 03:00,8,70
1538,2022-01-09 06:00,5,140
1539,2022-01-09 09:00,11,235
1540,2022-01-09 12:00,9,265
1541,2022-01-09 15:00,5,220
1542,2022-01-09 18:00,1,300
1543,2022-01-09 21:00,1,65
1544,2022-01-10 00:00,4,85
1545,2022-01-10 03:00,4,85
1546,2022-01-10 06:00,7,205
1547,2022-01-10 09:00,14,230
1548,2022-01-10 12:00,13,255
1549,2022-01-10 15:00,5,255
1550,2022-01-10 18:00,7,200
1551,2022-01-10 21:00,4,225
1552,2022-01-11 00:00,0,345
1553,2022-01-11 03:00,5,25
1554,2022-01-11 06:00,8,195
1555,2022-01-11 09:00,15,220
1556,2022-01-11 12:00,10,230
1557,2022-01-11 15:00,7,175
1558,2022-01-11 18:00,7,185
1559,2022-01-11 21:00,2,205
1560,2022-01-12 00:00,6,45
1561,2022-01-12 03:00,11,100
1562,2022-01-12 06:00,10,150
1563,2022-01-12 09:00,15,205
1564,2022-01-12 12:00,15,225
1565,2022-01-12 15:00,6,210
1566,2022-01-12 18:00,5,130
1567,2022-01-12 21:00,4,80
1568,2022-01-13 00:00,6,80
1569,2022-01-13 03:00,9,85
1570,2022-01-13 06:00,10,175
1571,2022-01-13 09:00,16,205
1572,2022-01-13 12:00,15,240
1573,2022-01-13 15:00,7,205
1574,2022-01-13 18:00,6,190
1575,2022-01-13 21:00,2,270
1576,2022-01-14 00:00,7,55
1577,2022-01-14 03:00,11,75
1578,2022-01-14 06:00,9,145
1579,2022-01-14 09:00,15,205
1580,2022-01-14 12:00,12,225
1581,2022-01-14 15:00,5,190
1582,2022-01-14 18:00,7,155
1583,2022-01-14 21:00,4,140
1584,2022-01-15 00:00,6,80
1585,2022-01-15 03:00,7,70
1586,2022-01-15 06:00,6,190
1587,2022-01-15 09:00,14,215
1588,2022-01-15 12:00,14,225
1589,2022-01-15 15:00,7,210
1590,2022-01-15 18:00,6,165
1591,2022-01-15 21:00,2,165
1592,2022-01-16 00:00,3,10
1593,2022-01-16 03:00,5,40
1594,2022-01-16 06:00,8,225
1595,2022-01-16 09:00,15,240
1596,2022-01-16 12:00,14,245
1597,2022-01-16 15:00,6,230
1598,2022-01-16 18:00,3,180
1599,2022-01-16 21:00,6,200
1600,2022-01-17 00:00,2,310
1601,2022-01-17 03:00,6,360
1602,2022-01-17 06:00,7,250
1603,2022-01-17 09:00,13,260
1604,2022-01-17 12:00,11,250
1605,2022-01-17 15:00,3,225
1606,2022-01-17 18:00,1,10
1607,2022-01-17 21:00,7,20
1608,2022-01-18 00:00,7,25
1609,2022-01-18 03:00,10,50
1610,2022-01-18 06:00,4,175
1611,2022-01-18 09:00,13,245
1612,2022-01-18 12:00,12,260
1613,2022-01-18 15:00,8,270
1614,2022-01-18 18:00,4,290
1615,2022-01-18 21:00,7,5
1616,2022-01-19 00:00,15,40
1617,2022-01-19 03:00,15,60
1618,2022-01-19 06:00,8,115
1619,2022-01-19 09:00,8,115
1620,2022-01-19 12:00,14,250
1621,2022-01-19 15:00,4,220
1622,2022-01-19 18:00,5,185
1623,2022-01-19 21:00,4,155
1624,2022-01-20 00:00,3,80
1625,2022-01-20 03:00,7,100
1626,2022-01-20 06:00,10,170
1627,2022-01-20 09:00,17,205
1628,2022-01-20 12:00,16,205
1629,2022-01-20 15:00,13,190
1630,2022-01-20 18:00,13,185
1631,2022-01-20 21:00,13,185
1632,2022-01-21 00:00,13,185
1633,2022-01-21 03:00,10,165
1634,2022-01-21 06:00,12,190
1635,2022-01-21 09:00,12,190
1636,2022-01-21 12:00,12,190
1637,2022-01-21 15:00,13,175
1638,2022-01-21 18:00,13,190
1639,2022-01-21 21:00,13,195
1640,2022-01-22 00:00,15,190
1641,2022-01-22 03:00,17,190
1642,2022-01-22 06:00,18,195
1643,2022-01-22 09:00,18,195
1644,2022-01-22 12:00,17,160
1645,2022-01-22 15:00,15,165
1646,2022-01-22 18:00,15,195
1647,2022-01-22 21:00,15,210
1648,2022-01-23 00:00,12,230
1649,2022-01-23 03:00,12,235
1650,2022-01-23 06:00,11,220
1651,2022-01-23 09:00,13,200
1652,2022-01-23 12:00,12,155
1653,2022-01-23 15:00,12,155
1654,2022-01-23 18:00,10,160
1655,2022-01-23 21:00,7,190
1656,2022-01-24 00:00,3,205
1657,2022-01-24 03:00,1,345
1658,2022-01-24 06:00,7,225
1659,2022-01-24 09:00,11,230
1660,2022-01-24 12:00,7,215
1661,2022-01-24 15:00,5,210
1662,2022-01-24 18:00,5,240
1663,2022-01-24 21:00,2,215
1664,2022-01-25 00:00,1,65
1665,2022-01-25 03:00,5,40
1666,2022-01-25 06:00,6,230
1667,2022-01-25 09:00,15,240
1668,2022-01-25 12:00,12,225
1669,2022-01-25 15:00,7,205
1670,2022-01-25 18:00,7,205
1671,2022-01-25 21:00,4,175
1672,2022-01-26 00:00,4,140
1673,2022-01-26 03:00,7,155
1674,2022-01-26 06:00,8,215
1675,2022-01-26 09:00,17,220
1676,2022-01-26 12:00,14,230
1677,2022-01-26 15:00,12,170
1678,2022-01-26 18:00,12,180
1679,2022-01-26 21:00,7,185
1680,2022-01-27 00:00,3,125
1681,2022-01-27 03:00,3,125
1682,2022-01-27 06:00,8,230
1683,2022-01-27 09:00,18,235
1684,2022-01-27 12:00,12,240
1685,2022-01-27 15:00,9,210
1686,2022-01-27 18:00,11,225
1687,2022-01-27 21:00,8,250
1688,2022-01-28 00:00,4,220
1689,2022-01-28 03:00,3,210
1690,2022-01-28 06:00,12,225
1691,2022-01-28 09:00,18,225
1692,2022-01-28 12:00,12,185
1693,2022-01-28 15:00,10,175
1694,2022-01-28 18:00,10,195
1695,2022-01-28 21:00,9,205
1696,2022-01-29 00:00,7,220
1697,2022-01-29 03:00,11,205
1698,2022-01-29 06:00,15,220
1699,2022-01-29 09:00,17,195
1700,2022-01-29 12:00,17,195
1701,2022-01-29 15:00,14,180
1702,2022-01-29 18:00,15,190
1703,2022-01-29 21:00,14,205
1704,2022-01-30 00:00,13,200
1705,2022-01-30 03:00,14,210
1706,2022-01-30 06:00,15,210
1707,2022-01-30 09:00,14,190
1708,2022-01-30 12:00,15,150
1709,2022-01-30 15:00,17,160
1710,2022-01-30 18:00,17,180
1711,2022-01-30 21:00,13,185
1712,2022-01-31 00:00,15,175
1713,2022-01-31 03:00,16,180
1714,2022-01-31 06:00,18,185
1715,2022-01-31 09:00,19,180
1716,2022-01-31 12:00,17,185
1717,2022-01-31 15:00,17,170
1718,2022-01-31 18:00,15,180
1719,2022-01-31 21:00,12,185
1720,2022-02-01 00:00,16,170
1721,2022-02-01 03:00,17,170
1722,2022-02-01 06:00,16,175
1723,2022-02-01 09:00,17,190
1724,2022-02-01 12:00,16,195
1725,2022-02-01 15:00,12,180
1726,2022-02-01 18:00,12,185
1727,2022-02-01 21:00,9,190
1728,2022-02-02 00:00,6,175
1729,2022-02-02 03:00,12,175
1730,2022-02-02 06:00,14,180
1731,2022-02-02 09:00,14,180
1732,2022-02-02 12:00,13,200
1733,2022-02-02 15:00,11,160
1734,2022-02-02 18:00,10,155
1735,2022-02-02 21:00,5,150
1736,2022-02-03 00:00,6,135
1737,2022-02-03 03:00,10,155
1738,2022-02-03 06:00,10,170
1739,2022-02-03 09:00,10,170
1740,2022-02-03 12:00,10,230
1741,2022-02-03 15:00,7,200
1742,2022-02-03 18:00,10,190
1743,2022-02-03 21:00,3,185
1744,2022-02-04 00:00,3,185
1745,2022-02-04 03:00,3,185
1746,2022-02-04 06:00,3,185
1747,2022-02-04 09:00,7,215
1748,2022-02-04 12:00,6,225
1749,2022-02-04 15:00,4,230
1750,2022-02-04 18:00,7,60
1751,2022-02-04 21:00,10,35
1752,2022-02-05 00:00,14,45
1753,2022-02-05 03:00,15,55
1754,2022-02-05 06:00,14,95
1755,2022-02-05 09:00,11,110
1756,2022-02-05 12:00,2,10
1757,2022-02-05 15:00,10,335
1758,2022-02-05 18:00,11,15
1759,2022-02-05 21:00,15,35
1760,2022-02-06 00:00,17,50
1761,2022-02-06 03:00,15,65
1762,2022-02-06 06:00,5,100
1763,2022-02-06 09:00,12,240
1764,2022-02-06 12:00,14,260
1765,2022-02-06 15:00,7,280
1766,2022-02-06 18:00,3,270
1767,2022-02-06 21:00,1,270
1768,2022-02-07 00:00,1,270
1769,2022-02-07 03:00,5,10
1770,2022-02-07 06:00,5,10
1771,2022-02-07 09:00,5,10
1772,2022-02-07 12:00,5,10
1773,2022-02-07 15:00,5,10
1774,2022-02-07 18:00,5,10
1775,2022-02-07 21:00,8,245
1776,2022-02-08 00:00,4,215
1777,2022-02-08 03:00,3,240
1778,2022-02-08 06:00,8,220
1779,2022-02-08 09:00,18,220
1780,2022-02-08 12:00,9,210
1781,2022-02-08 15:00,11,170
1782,2022-02-08 18:00,9,195
1783,2022-02-08 21:00,10,190
1784,2022-02-09 00:00,6,175
1785,2022-02-09 03:00,13,160
1786,2022-02-09 06:00,13,180
1787,2022-02-09 09:00,15,210
1788,2022-02-09 12:00,9,185
1789,2022-02-09 15:00,14,165
1790,2022-02-09 18:00,6,195
1791,2022-02-09 21:00,5,240
1792,2022-02-10 00:00,4,260
1793,2022-02-10 03:00,5,175
1794,2022-02-10 06:00,9,195
1795,2022-02-10 09:00,15,210
1796,2022-02-10 12:00,13,205
1797,2022-02-10 15:00,12,200
1798,2022-02-10 18:00,11,205
1799,2022-02-10 21:00,11,205
1800,2022-02-11 00:00,8,230
1801,2022-02-11 03:00,8,205
1802,2022-02-11 06:00,11,220
1803,2022-02-11 09:00,11,210
1804,2022-02-11 12:00,11,195
1805,2022-02-11 15:00,9,185
1806,2022-02-11 18:00,10,225
1807,2022-02-11 21:00,10,225
1808,2022-02-12 00:00,6,230
1809,2022-02-12 03:00,7,225
1810,2022-02-12 06:00,7,225
1811,2022-02-12 09:00,11,225
1812,2022-02-12 12:00,10,195
1813,2022-02-12 15:00,10,200
1814,2022-02-12 18:00,11,230
1815,2022-02-12 21:00,9,240
1816,2022-02-13 00:00,7,225
1817,2022-02-13 03:00,6,190
1818,2022-02-13 06:00,9,180
1819,2022-02-13 09:00,9,180
1820,2022-02-13 12:00,12,180
1821,2022-02-13 15:00,11,185
1822,2022-02-13 18:00,11,185
1823,2022-02-13 21:00,8,185
1824,2022-02-14 00:00,7,170
1825,2022-02-14 03:00,9,130
1826,2022-02-14 06:00,7,150
1827,2022-02-14 09:00,6,210
1828,2022-02-14 12:00,6,265
1829,2022-02-14 15:00,2,280
1830,2022-02-14 18:00,7,20
1831,2022-02-14 21:00,12,20
1832,2022-02-15 00:00,16,40
1833,2022-02-15 03:00,14,85
1834,2022-02-15 06:00,9,120
1835,2022-02-15 09:00,4,165
1836,2022-02-15 12:00,3,295
1837,2022-02-15 15:00,8,330
1838,2022-02-15 18:00,8,360
1839,2022-02-15 21:00,8,360
1840,2022-02-16 00:00,10,60
1841,2022-02-16 03:00,13,90
1842,2022-02-16 06:00,8,125
1843,2022-02-16 09:00,9,155
1844,2022-02-16 12:00,5,160
1845,2022-02-16 15:00,5,140
1846,2022-02-16 18:00,5,140
1847,2022-02-16 21:00,7,120
1848,2022-02-17 00:00,9,125
1849,2022-02-17 03:00,14,120
1850,2022-02-17 06:00,17,150
1851,2022-02-17 09:00,24,165
1852,2022-02-17 12:00,18,160
1853,2022-02-17 15:00,12,145
1854,2022-02-17 18:00,13,145
1855,2022-02-17 21:00,13,155
1856,2022-02-18 00:00,15,155
1857,2022-02-18 03:00,15,155
1858,2022-02-18 06:00,14,170
1859,2022-02-18 09:00,14,185
1860,2022-02-18 12:00,14,195
1861,2022-02-18 15:00,13,185
1862,2022-02-18 18:00,13,185
1863,2022-02-18 21:00,10,185
1864,2022-02-19 00:00,12,170
1865,2022-02-19 03:00,16,175
1866,2022-02-19 06:00,17,170
1867,2022-02-19 09:00,18,185
1868,2022-02-19 12:00,14,180
1869,2022-02-19 15:00,12,185
1870,2022-02-19 18:00,12,185
1871,2022-02-19 21:00,11,215
1872,2022-02-20 00:00,12,220
1873,2022-02-20 03:00,15,195
1874,2022-02-20 06:00,16,200
1875,2022-02-20 09:00,18,190
1876,2022-02-20 12:00,18,180
1877,2022-02-20 15:00,17,190
1878,2022-02-20 18:00,16,185
1879,2022-02-20 21:00,17,185
1880,2022-02-21 00:00,15,185
1881,2022-02-21 03:00,16,175
1882,2022-02-21 06:00,14,180
1883,2022-02-21 09:00,11,195
1884,2022-02-21 12:00,11,195
1885,2022-02-21 15:00,14,85
1886,2022-02-21 18:00,15,70
1887,2022-02-21 21:00,15,50
1888,2022-02-22 00:00,19,40
1889,2022-02-22 03:00,17,40
1890,2022-02-22 06:00,14,40
1891,2022-02-22 09:00,5,70
1892,2022-02-22 12:00,3,10
1893,2022-02-22 15:00,7,25
1894,2022-02-22 18:00,8,25
1895,2022-02-22 21:00,14,35
1896,2022-02-23 00:00,17,35
1897,2022-02-23 03:00,22,40
1898,2022-02-23 06:00,17,45
1899,2022-02-23 09:00,10,65
1900,2022-02-23 12:00,9,85
1901,2022-02-23 15:00,17,45
1902,2022-02-23 18:00,22,35
1903,2022-02-23 21:00,21,35
1904,2022-02-24 00:00,24,40
1905,2022-02-24 03:00,25,40
1906,2022-02-24 06:00,17,50
1907,2022-02-24 09:00,13,80
1908,2022-02-24 12:00,15,60
1909,2022-02-24 15:00,23,35
1910,2022-02-24 18:00,24,30
1911,2022-02-24 21:00,22,35
1912,2022-02-25 00:00,21,35
1913,2022-02-25 03:00,22,35
1914,2022-02-25 06:00,18,60
1915,2022-02-25 09:00,17,85
1916,2022-02-25 12:00,17,60
1917,2022-02-25 15:00,21,35
1918,2022-02-25 18:00,21,35
1919,2022-02-25 21:00,21,35
1920,2022-02-26 00:00,23,40
1921,2022-02-26 03:00,23,55
1922,2022-02-26 06:00,15,75
1923,2022-02-26 09:00,3,85
1924,2022-02-26 12:00,6,305
1925,2022-02-26 15:00,16,40
1926,2022-02-26 18:00,16,40
1927,2022-02-26 21:00,14,35
1928,2022-02-27 00:00,18,45
1929,2022-02-27 03:00,21,60
1930,2022-02-27 06:00,17,95
1931,2022-02-27 09:00,9,185
1932,2022-02-27 12:00,11,220
1933,2022-02-27 15:00,7,260
1934,2022-02-27 18:00,5,240
1935,2022-02-27 21:00,4,5
1936,2022-02-28 00:00,8,50
1937,2022-02-28 03:00,9,60
1938,2022-02-28 06:00,8,190
1939,2022-02-28 09:00,15,225
1940,2022-02-28 12:00,13,235
1941,2022-02-28 15:00,10,215
1942,2022-02-28 18:00,9,215
1943,2022-02-28 21:00,5,215
1944,2022-03-01 00:00,2,85
1945,2022-03-01 03:00,3,30
1946,2022-03-01 06:00,12,200
1947,2022-03-01 09:00,18,220
1948,2022-03-01 12:00,12,215
1949,2022-03-01 15:00,11,210
1950,2022-03-01 18:00,10,230
1951,2022-03-01 21:00,10,225
1952,2022-03-02 00:00,5,210
1953,2022-03-02 03:00,8,160
1954,2022-03-02 06:00,9,195
1955,2022-03-02 09:00,13,225
1956,2022-03-02 12:00,12,215
1957,2022-03-02 15:00,9,180
1958,2022-03-02 18:00,8,185
1959,2022-03-02 21:00,7,235
1960,2022-03-03 00:00,6,220
1961,2022-03-03 03:00,8,205
1962,2022-03-03 06:00,12,220
1963,2022-03-03 09:00,16,215
1964,2022-03-03 12:00,12,225
1965,2022-03-03 15:00,8,210
1966,2022-03-03 18:00,9,210
1967,2022-03-03 21:00,9,210
1968,2022-03-04 00:00,9,210
1969,2022-03-04 03:00,5,345
1970,2022-03-04 06:00,8,220
1971,2022-03-04 09:00,20,215
1972,2022-03-04 12:00,14,220
1973,2022-03-04 15:00,13,185
1974,2022-03-04 18:00,14,210
1975,2022-03-04 21:00,14,210
1976,2022-03-05 00:00,8,210
1977,2022-03-05 03:00,10,205
1978,2022-03-05 06:00,13,200
1979,2022-03-05 09:00,17,180
1980,2022-03-05 12:00,16,185
1981,2022-03-05 15:00,16,170
1982,2022-03-05 18:00,16,190
1983,2022-03-05 21:00,11,200
1984,2022-03-06 00:00,9,180
1985,2022-03-06 03:00,12,165
1986,2022-03-06 06:00,14,180
1987,2022-03-06 09:00,16,195
1988,2022-03-06 12:00,16,165
1989,2022-03-06 15:00,14,180
1990,2022-03-06 18:00,10,200
1991,2022-03-06 21:00,8,240
1992,2022-03-07 00:00,5,185
1993,2022-03-07 03:00,10,150
1994,2022-03-07 06:00,10,185
1995,2022-03-07 09:00,18,205
1996,2022-03-07 12:00,10,200
1997,2022-03-07 15:00,10,200
1998,2022-03-07 18:00,8,350
1999,2022-03-07 21:00,20,30
2000,2022-03-08 00:00,21,45
2001,2022-03-08 03:00,15,70
2002,2022-03-08 06:00,15,70
2003,2022-03-08 09:00,12,200
2004,2022-03-08 12:00,12,225
2005,2022-03-08 15:00,6,205
2006,2022-03-08 18:00,4,265
2007,2022-03-08 21:00,7,330
2008,2022-03-09 00:00,7,330
2009,2022-03-09 03:00,2,15
2010,2022-03-09 06:00,2,15
2011,2022-03-09 09:00,2,15
2012,2022-03-09 12:00,2,15
2013,2022-03-09 15:00,10,200
2014,2022-03-09 18:00,13,190
2015,2022-03-09 21:00,9,195
2016,2022-03-10 00:00,9,185
2017,2022-03-10 03:00,12,170
2018,2022-03-10 06:00,14,190
2019,2022-03-10 09:00,16,195
2020,2022-03-10 12:00,15,200
2021,2022-03-10 15:00,12,185
2022,2022-03-10 18:00,9,215
2023,2022-03-10 21:00,12,215
2024,2022-03-11 00:00,8,215
2025,2022-03-11 03:00,7,190
2026,2022-03-11 06:00,7,195
2027,2022-03-11 09:00,17,220
2028,2022-03-11 12:00,14,225
2029,2022-03-11 15:00,12,195
2030,2022-03-11 18:00,13,210
2031,2022-03-11 21:00,9,205
2032,2022-03-12 00:00,7,210
2033,2022-03-12 03:00,7,215
2034,2022-03-12 06:00,10,215
2035,2022-03-12 09:00,20,210
2036,2022-03-12 12:00,13,210
2037,2022-03-12 15:00,13,210
2038,2022-03-12 18:00,8,195
2039,2022-03-12 21:00,7,175
2040,2022-03-13 00:00,7,165
2041,2022-03-13 03:00,9,140
2042,2022-03-13 06:00,13,180
2043,2022-03-13 09:00,18,200
2044,2022-03-13 12:00,11,195
2045,2022-03-13 15:00,11,185
2046,2022-03-13 18:00,10,200
2047,2022-03-13 21:00,8,190
2048,2022-03-14 00:00,10,175
2049,2022-03-14 03:00,9,175
2050,2022-03-14 06:00,14,180
2051,2022-03-14 09:00,21,190
2052,2022-03-14 12:00,19,195
2053,2022-03-14 15:00,12,195
2054,2022-03-14 18:00,9,200
2055,2022-03-14 21:00,8,195
2056,2022-03-15 00:00,9,170
2057,2022-03-15 03:00,10,190
2058,2022-03-15 06:00,12,205
2059,2022-03-15 09:00,20,210
2060,2022-03-15 12:00,20,205
2061,2022-03-15 15:00,17,185
2062,2022-03-15 18:00,15,200
2063,2022-03-15 21:00,10,205
2064,2022-03-16 00:00,10,195
2065,2022-03-16 03:00,15,185
2066,2022-03-16 06:00,17,200
2067,2022-03-16 09:00,16,180
2068,2022-03-16 12:00,17,155
2069,2022-03-16 15:00,16,145
2070,2022-03-16 18:00,13,170
2071,2022-03-16 21:00,7,200
2072,2022-03-17 00:00,8,185
2073,2022-03-17 03:00,8,175
2074,2022-03-17 06:00,10,180
2075,2022-03-17 09:00,15,205
2076,2022-03-17 12:00,14,200
2077,2022-03-17 15:00,12,185
2078,2022-03-17 18:00,12,210
2079,2022-03-17 21:00,10,220
2080,2022-03-18 00:00,10,210
2081,2022-03-18 03:00,13,200
2082,2022-03-18 06:00,13,210
2083,2022-03-18 09:00,15,200
2084,2022-03-18 12:00,8,155
2085,2022-03-18 15:00,8,80
2086,2022-03-18 18:00,9,85
2087,2022-03-18 21:00,6,65
2088,2022-03-19 00:00,7,75
2089,2022-03-19 03:00,1,125
2090,2022-03-19 06:00,9,215
2091,2022-03-19 09:00,19,205
2092,2022-03-19 12:00,12,180
2093,2022-03-19 15:00,14,190
2094,2022-03-19 18:00,11,185
2095,2022-03-19 21:00,8,190
